case_id,mo_tag_id
0061975f-241e-4ae3-b312-78d327b56cde,652c2aa1-29f4-4cdd-9639-1cab46b39caa
009b99b2-c746-4ba7-b006-3df88e02f79f,f5a7403b-bb8d-460b-8d3b-b673d8e3bf71
010e73db-0e47-42ac-ba10-c9574ce6c7eb,08a18e22-3e53-4e1f-8535-9b3599e2fc0b
010e73db-0e47-42ac-ba10-c9574ce6c7eb,215a5f8f-06e1-4158-9721-e6008784fdd7
010e73db-0e47-42ac-ba10-c9574ce6c7eb,40e882c1-782c-4149-8cf7-aa975b6c01d7
010e73db-0e47-42ac-ba10-c9574ce6c7eb,a7f43594-640b-4fc9-8df5-a52985453583
01c76242-6624-4500-b169-efc11178973e,93e369d3-8159-45c3-9aa6-334af0502250
01c76242-6624-4500-b169-efc11178973e,e6f06d91-c8fd-491d-9a5d-7a49aec7e2cd
01e3b8cb-6369-4fa5-b43e-aa07b4547d71,54c60844-91c5-4f16-875e-e5c0382aec1a
01e3b8cb-6369-4fa5-b43e-aa07b4547d71,c8527017-e00b-4771-a39c-8a43ab121796
034a10c5-3ff7-49bc-923a-c306609ec396,54c60844-91c5-4f16-875e-e5c0382aec1a
034a10c5-3ff7-49bc-923a-c306609ec396,c8527017-e00b-4771-a39c-8a43ab121796
05e5c375-6d9b-4758-afff-60745eb3fafe,ac9a3cf9-4109-48ce-bb7a-c8f1ae6a83cb
05e5c375-6d9b-4758-afff-60745eb3fafe,d644742e-505e-4d3d-8af1-b50fe2293bd8
05e5c375-6d9b-4758-afff-60745eb3fafe,e6f06d91-c8fd-491d-9a5d-7a49aec7e2cd
0742ce48-10b4-4c00-b028-a26687e17c6c,2d523025-45b9-47d9-9e61-636a753a32a5
0742ce48-10b4-4c00-b028-a26687e17c6c,e6f06d91-c8fd-491d-9a5d-7a49aec7e2cd
0779cceb-7288-48f2-9cf4-85657dbc850d,54c60844-91c5-4f16-875e-e5c0382aec1a
0779cceb-7288-48f2-9cf4-85657dbc850d,c8527017-e00b-4771-a39c-8a43ab121796
08183f6b-2a28-47a7-b04d-3b320049a228,75259b7c-bb19-432a-b7b7-07f7d5e269de
08183f6b-2a28-47a7-b04d-3b320049a228,93e369d3-8159-45c3-9aa6-334af0502250
08183f6b-2a28-47a7-b04d-3b320049a228,e6f06d91-c8fd-491d-9a5d-7a49aec7e2cd
0851b794-9c41-41b0-860c-9e7a77c3b3fd,2f17a536-4865-4f78-a2de-f9cd02e3c858
0851b794-9c41-41b0-860c-9e7a77c3b3fd,38b0a4bd-67ee-48e8-8db9-067e7c1667bb
089f7fc5-9ba1-4b43-8acd-a709c319111d,5a8f409d-39f6-4deb-9b52-7a02012e79e7
089f7fc5-9ba1-4b43-8acd-a709c319111d,8667f284-a276-41c8-ae4d-a707228e1417
089f7fc5-9ba1-4b43-8acd-a709c319111d,d95cac73-ce81-40ae-9661-c7ad3d36bcf0
08c84fa9-c88a-4d2c-9977-d9bf1bfed258,12242c80-7e87-4a3a-9089-eb09e16aac1f
08c84fa9-c88a-4d2c-9977-d9bf1bfed258,38b0a4bd-67ee-48e8-8db9-067e7c1667bb
08c84fa9-c88a-4d2c-9977-d9bf1bfed258,f5a7403b-bb8d-460b-8d3b-b673d8e3bf71
09206f14-67b1-45df-a004-f505cc4df7cd,6a50bebb-6b44-45ab-b9f8-c0deb75d484e
09206f14-67b1-45df-a004-f505cc4df7cd,d333f155-d66a-44f3-bb8c-443a989a2147
0980717a-92ad-4653-baa9-303a0348e076,28754c79-c0bf-4dbb-9f89-45d83e54fb50
0980717a-92ad-4653-baa9-303a0348e076,78db0fd8-37e9-4fc1-800b-f26221f21008
09e63973-add2-4269-b2b6-2e107969cbaf,41bd5650-da11-4750-b70f-01500ef0a54b
09e63973-add2-4269-b2b6-2e107969cbaf,6a50bebb-6b44-45ab-b9f8-c0deb75d484e
09e63973-add2-4269-b2b6-2e107969cbaf,70f028c8-c00d-4cbd-8127-7237eff2ab65
09fe6c49-e47a-4e73-9929-ed7c9520a38b,11d5185c-c6d8-4193-b6d9-dea2e0336b8f
09fe6c49-e47a-4e73-9929-ed7c9520a38b,41bd5650-da11-4750-b70f-01500ef0a54b
09fe6c49-e47a-4e73-9929-ed7c9520a38b,6a50bebb-6b44-45ab-b9f8-c0deb75d484e
09fe6c49-e47a-4e73-9929-ed7c9520a38b,d333f155-d66a-44f3-bb8c-443a989a2147
09fe6c49-e47a-4e73-9929-ed7c9520a38b,f5a7403b-bb8d-460b-8d3b-b673d8e3bf71
0a1287b2-4b8e-478a-adce-bdd80ad30777,6a50bebb-6b44-45ab-b9f8-c0deb75d484e
0a1287b2-4b8e-478a-adce-bdd80ad30777,a34f32ba-e445-413e-999b-8c31e2a9b6fc
0a808b82-d793-480f-b201-370a197b6f01,41bd5650-da11-4750-b70f-01500ef0a54b
0a808b82-d793-480f-b201-370a197b6f01,6a50bebb-6b44-45ab-b9f8-c0deb75d484e
0ab05469-c5ce-46d6-b804-e45ab1c10ac8,75259b7c-bb19-432a-b7b7-07f7d5e269de
0ab05469-c5ce-46d6-b804-e45ab1c10ac8,93e369d3-8159-45c3-9aa6-334af0502250
0ab05469-c5ce-46d6-b804-e45ab1c10ac8,e6f06d91-c8fd-491d-9a5d-7a49aec7e2cd
0bfac0ed-4420-4578-9171-cfb3a6807d73,08a18e22-3e53-4e1f-8535-9b3599e2fc0b
0bfac0ed-4420-4578-9171-cfb3a6807d73,215a5f8f-06e1-4158-9721-e6008784fdd7
0bfac0ed-4420-4578-9171-cfb3a6807d73,40e882c1-782c-4149-8cf7-aa975b6c01d7
0bfac0ed-4420-4578-9171-cfb3a6807d73,a7f43594-640b-4fc9-8df5-a52985453583
0d2222e9-9dc7-4723-b6af-1cd72129586b,78db0fd8-37e9-4fc1-800b-f26221f21008
0d2222e9-9dc7-4723-b6af-1cd72129586b,a023cd3c-63d0-49cb-bd1b-1af5252d8d34
0d2222e9-9dc7-4723-b6af-1cd72129586b,d333f155-d66a-44f3-bb8c-443a989a2147
0e366b40-5de8-4aa8-89ab-739df17e3b28,5a8f409d-39f6-4deb-9b52-7a02012e79e7
0e366b40-5de8-4aa8-89ab-739df17e3b28,8667f284-a276-41c8-ae4d-a707228e1417
0e366b40-5de8-4aa8-89ab-739df17e3b28,d95cac73-ce81-40ae-9661-c7ad3d36bcf0
0e593d17-5cb1-4101-b4ee-aa44efb46844,ac9a3cf9-4109-48ce-bb7a-c8f1ae6a83cb
0e593d17-5cb1-4101-b4ee-aa44efb46844,d644742e-505e-4d3d-8af1-b50fe2293bd8
0e593d17-5cb1-4101-b4ee-aa44efb46844,e6f06d91-c8fd-491d-9a5d-7a49aec7e2cd
0f3c325e-9ef4-4d82-afe4-16918e066317,08a18e22-3e53-4e1f-8535-9b3599e2fc0b
0f3c325e-9ef4-4d82-afe4-16918e066317,215a5f8f-06e1-4158-9721-e6008784fdd7
0f3c325e-9ef4-4d82-afe4-16918e066317,40e882c1-782c-4149-8cf7-aa975b6c01d7
0f3c325e-9ef4-4d82-afe4-16918e066317,a7f43594-640b-4fc9-8df5-a52985453583
104d2caa-241c-4d84-8754-de7b375d6f8e,57c41d9d-b2c9-4879-b4ec-10eeac1319c7
104d2caa-241c-4d84-8754-de7b375d6f8e,887a5ef2-85af-4c9c-bd2c-7152ce0f3e17
11b2fd3f-02c4-4877-8297-aeecf94990af,1467dbfb-e821-429e-8d38-70e799523bb3
11b2fd3f-02c4-4877-8297-aeecf94990af,57c41d9d-b2c9-4879-b4ec-10eeac1319c7
11b2fd3f-02c4-4877-8297-aeecf94990af,5f7a9f5d-554d-45a4-8095-97e2f17d2d4b
11b2fd3f-02c4-4877-8297-aeecf94990af,7baf62c4-1875-464b-a6ca-380108b4ff35
11b2fd3f-02c4-4877-8297-aeecf94990af,887a5ef2-85af-4c9c-bd2c-7152ce0f3e17
127f47f2-650f-46c0-b531-4f9d2695d0d5,1b392cad-3abc-4776-bbb1-78a99b886b29
127f47f2-650f-46c0-b531-4f9d2695d0d5,262590a9-146c-4e08-a937-07459a086d63
127f47f2-650f-46c0-b531-4f9d2695d0d5,9f3b78a7-815d-45f9-85da-6ba4e60fb333
13261cc4-fc9d-49c1-b2a8-5d7c09aa3c00,12242c80-7e87-4a3a-9089-eb09e16aac1f
13261cc4-fc9d-49c1-b2a8-5d7c09aa3c00,38b0a4bd-67ee-48e8-8db9-067e7c1667bb
13261cc4-fc9d-49c1-b2a8-5d7c09aa3c00,f5a7403b-bb8d-460b-8d3b-b673d8e3bf71
133f4980-ae05-4f12-bdee-6006d0984ab5,a34f32ba-e445-413e-999b-8c31e2a9b6fc
14e88047-1331-46de-9b4b-c47f45d0204b,78db0fd8-37e9-4fc1-800b-f26221f21008
14e88047-1331-46de-9b4b-c47f45d0204b,a023cd3c-63d0-49cb-bd1b-1af5252d8d34
14e88047-1331-46de-9b4b-c47f45d0204b,d333f155-d66a-44f3-bb8c-443a989a2147
15c96b81-475b-449b-8436-a108d8fe4f18,70f028c8-c00d-4cbd-8127-7237eff2ab65
16a90dc1-c0a2-4ffa-b3cb-5d4b90dd981f,f5a7403b-bb8d-460b-8d3b-b673d8e3bf71
16d8edb3-884a-446a-b0d5-938675ebf9a3,2d523025-45b9-47d9-9e61-636a753a32a5
16d8edb3-884a-446a-b0d5-938675ebf9a3,6a50bebb-6b44-45ab-b9f8-c0deb75d484e
170c323e-97cf-49dc-85bf-26d2f6692e70,41bd5650-da11-4750-b70f-01500ef0a54b
17d7c3cb-7fcf-49d5-94e3-c4def941e570,28754c79-c0bf-4dbb-9f89-45d83e54fb50
17e086cc-2142-4352-a52f-d9e06461e386,1b392cad-3abc-4776-bbb1-78a99b886b29
17e086cc-2142-4352-a52f-d9e06461e386,262590a9-146c-4e08-a937-07459a086d63
17e086cc-2142-4352-a52f-d9e06461e386,9f3b78a7-815d-45f9-85da-6ba4e60fb333
18588e5e-9a47-4026-9420-d42729daad8a,5b156a4b-16f1-4f49-90e6-051fce80de3f
1a23043e-157a-47ac-b591-1acbfb762a9a,652c2aa1-29f4-4cdd-9639-1cab46b39caa
1a23043e-157a-47ac-b591-1acbfb762a9a,70f028c8-c00d-4cbd-8127-7237eff2ab65
1a850195-143c-47c9-8c15-9d2f9cc82634,1467dbfb-e821-429e-8d38-70e799523bb3
1a850195-143c-47c9-8c15-9d2f9cc82634,57c41d9d-b2c9-4879-b4ec-10eeac1319c7
1a850195-143c-47c9-8c15-9d2f9cc82634,5f7a9f5d-554d-45a4-8095-97e2f17d2d4b
1a850195-143c-47c9-8c15-9d2f9cc82634,7baf62c4-1875-464b-a6ca-380108b4ff35
1a850195-143c-47c9-8c15-9d2f9cc82634,887a5ef2-85af-4c9c-bd2c-7152ce0f3e17
1be27dd3-49d6-4b52-a916-64be6aebe9df,6a50bebb-6b44-45ab-b9f8-c0deb75d484e
1be27dd3-49d6-4b52-a916-64be6aebe9df,a34f32ba-e445-413e-999b-8c31e2a9b6fc
1c33147e-6d08-4391-8adb-c69d2872d473,a53f1657-4531-4072-848d-96781637c6e8
1c33147e-6d08-4391-8adb-c69d2872d473,e6f06d91-c8fd-491d-9a5d-7a49aec7e2cd
1dfff8f2-2250-4cce-a299-1c329c604937,652c2aa1-29f4-4cdd-9639-1cab46b39caa
1f0a7559-da64-478f-a2a3-8c2a38ce84d9,41bd5650-da11-4750-b70f-01500ef0a54b
1f0a7559-da64-478f-a2a3-8c2a38ce84d9,70f028c8-c00d-4cbd-8127-7237eff2ab65
1f0a7559-da64-478f-a2a3-8c2a38ce84d9,d333f155-d66a-44f3-bb8c-443a989a2147
1f6e726b-7f62-41fa-bfb1-6d5389b9dab6,1b392cad-3abc-4776-bbb1-78a99b886b29
1f7d7e2c-6c3e-4b70-b572-848ea0f2e3ba,652c2aa1-29f4-4cdd-9639-1cab46b39caa
236471e0-9aac-4fa6-ad52-7c2f44a3f9ca,2d523025-45b9-47d9-9e61-636a753a32a5
236471e0-9aac-4fa6-ad52-7c2f44a3f9ca,70f028c8-c00d-4cbd-8127-7237eff2ab65
237fc4c6-a0df-4e01-b5f6-0625668c5f09,1467dbfb-e821-429e-8d38-70e799523bb3
237fc4c6-a0df-4e01-b5f6-0625668c5f09,45ddeb85-18d5-4359-987a-f1e1cd9171c5
237fc4c6-a0df-4e01-b5f6-0625668c5f09,57c41d9d-b2c9-4879-b4ec-10eeac1319c7
237fc4c6-a0df-4e01-b5f6-0625668c5f09,5f7a9f5d-554d-45a4-8095-97e2f17d2d4b
237fc4c6-a0df-4e01-b5f6-0625668c5f09,7baf62c4-1875-464b-a6ca-380108b4ff35
237fc4c6-a0df-4e01-b5f6-0625668c5f09,887a5ef2-85af-4c9c-bd2c-7152ce0f3e17
25117bce-b422-4250-8f44-05d31a9f55a6,38b0a4bd-67ee-48e8-8db9-067e7c1667bb
25117bce-b422-4250-8f44-05d31a9f55a6,be02175b-8eb2-44fa-8ee0-add15a5138db
25c799cd-e971-4437-9c5e-0d76fc07c672,75259b7c-bb19-432a-b7b7-07f7d5e269de
25c799cd-e971-4437-9c5e-0d76fc07c672,93e369d3-8159-45c3-9aa6-334af0502250
25c799cd-e971-4437-9c5e-0d76fc07c672,e6f06d91-c8fd-491d-9a5d-7a49aec7e2cd
27c7cce2-e904-4b01-a2ab-22cb39a67af8,652c2aa1-29f4-4cdd-9639-1cab46b39caa
27c7cce2-e904-4b01-a2ab-22cb39a67af8,6a50bebb-6b44-45ab-b9f8-c0deb75d484e
27c7cce2-e904-4b01-a2ab-22cb39a67af8,e6f06d91-c8fd-491d-9a5d-7a49aec7e2cd
27e38e27-2326-4800-8aa9-adebe6f7adb3,1b392cad-3abc-4776-bbb1-78a99b886b29
27e38e27-2326-4800-8aa9-adebe6f7adb3,2d523025-45b9-47d9-9e61-636a753a32a5
27e38e27-2326-4800-8aa9-adebe6f7adb3,6a50bebb-6b44-45ab-b9f8-c0deb75d484e
27ea1b5c-4a2f-449b-a65e-3e19e777bca0,1b392cad-3abc-4776-bbb1-78a99b886b29
27ea1b5c-4a2f-449b-a65e-3e19e777bca0,262590a9-146c-4e08-a937-07459a086d63
27ea1b5c-4a2f-449b-a65e-3e19e777bca0,9f3b78a7-815d-45f9-85da-6ba4e60fb333
28b3122f-7ceb-4d4e-bdef-4665211ff616,70f028c8-c00d-4cbd-8127-7237eff2ab65
28b3122f-7ceb-4d4e-bdef-4665211ff616,a34f32ba-e445-413e-999b-8c31e2a9b6fc
293e651a-d6bd-4fcb-adfb-12ce7f9d579c,54c60844-91c5-4f16-875e-e5c0382aec1a
293e651a-d6bd-4fcb-adfb-12ce7f9d579c,c8527017-e00b-4771-a39c-8a43ab121796
2c15a262-7c7f-4c59-aee2-7230ccfe5b34,08a18e22-3e53-4e1f-8535-9b3599e2fc0b
2c15a262-7c7f-4c59-aee2-7230ccfe5b34,215a5f8f-06e1-4158-9721-e6008784fdd7
2c15a262-7c7f-4c59-aee2-7230ccfe5b34,40e882c1-782c-4149-8cf7-aa975b6c01d7
2c15a262-7c7f-4c59-aee2-7230ccfe5b34,a7f43594-640b-4fc9-8df5-a52985453583
2d16dbbc-5259-4655-807c-583e2ef6e199,2d523025-45b9-47d9-9e61-636a753a32a5
2d16dbbc-5259-4655-807c-583e2ef6e199,e6f06d91-c8fd-491d-9a5d-7a49aec7e2cd
2d67db3f-33a3-45a1-aa83-3e003159aab8,0e6b0816-e95b-4bca-8b55-bfa61e3a9519
2d67db3f-33a3-45a1-aa83-3e003159aab8,a34f32ba-e445-413e-999b-8c31e2a9b6fc
2d67db3f-33a3-45a1-aa83-3e003159aab8,e6f06d91-c8fd-491d-9a5d-7a49aec7e2cd
2ef9a461-06d3-4c4f-acfd-a190d359a0aa,ac9a3cf9-4109-48ce-bb7a-c8f1ae6a83cb
2ef9a461-06d3-4c4f-acfd-a190d359a0aa,d644742e-505e-4d3d-8af1-b50fe2293bd8
2ef9a461-06d3-4c4f-acfd-a190d359a0aa,e6f06d91-c8fd-491d-9a5d-7a49aec7e2cd
2f531eac-763d-47ff-83a0-3b5751400768,45ddeb85-18d5-4359-987a-f1e1cd9171c5
2f531eac-763d-47ff-83a0-3b5751400768,54c60844-91c5-4f16-875e-e5c0382aec1a
2f531eac-763d-47ff-83a0-3b5751400768,c8527017-e00b-4771-a39c-8a43ab121796
2fb8f4d0-451d-4197-ae22-ff0474657938,87776024-e020-4ea5-afd3-5e1b9ab40534
2fb8f4d0-451d-4197-ae22-ff0474657938,f2f4d531-46dd-40f0-a536-dde36529164d
300f0f43-7a03-411b-b872-dd00cbf9c141,41bd5650-da11-4750-b70f-01500ef0a54b
300f0f43-7a03-411b-b872-dd00cbf9c141,d333f155-d66a-44f3-bb8c-443a989a2147
300f0f43-7a03-411b-b872-dd00cbf9c141,f2f4d531-46dd-40f0-a536-dde36529164d
3081447a-6053-416e-a9f9-18f68721ecb5,11d5185c-c6d8-4193-b6d9-dea2e0336b8f
3081447a-6053-416e-a9f9-18f68721ecb5,41bd5650-da11-4750-b70f-01500ef0a54b
3081447a-6053-416e-a9f9-18f68721ecb5,6a50bebb-6b44-45ab-b9f8-c0deb75d484e
3081447a-6053-416e-a9f9-18f68721ecb5,d333f155-d66a-44f3-bb8c-443a989a2147
3081447a-6053-416e-a9f9-18f68721ecb5,f5a7403b-bb8d-460b-8d3b-b673d8e3bf71
30aecfc2-d880-40d5-a683-1a291a328b2e,2d523025-45b9-47d9-9e61-636a753a32a5
30aecfc2-d880-40d5-a683-1a291a328b2e,45ddeb85-18d5-4359-987a-f1e1cd9171c5
30aecfc2-d880-40d5-a683-1a291a328b2e,70f028c8-c00d-4cbd-8127-7237eff2ab65
31612598-9f3d-4032-a2d1-4dde33b5ff73,6a50bebb-6b44-45ab-b9f8-c0deb75d484e
31612598-9f3d-4032-a2d1-4dde33b5ff73,d333f155-d66a-44f3-bb8c-443a989a2147
31612598-9f3d-4032-a2d1-4dde33b5ff73,f2f4d531-46dd-40f0-a536-dde36529164d
31612598-9f3d-4032-a2d1-4dde33b5ff73,f5a7403b-bb8d-460b-8d3b-b673d8e3bf71
31cb5498-3163-47f4-a8cb-40d288034942,75259b7c-bb19-432a-b7b7-07f7d5e269de
31cb5498-3163-47f4-a8cb-40d288034942,93e369d3-8159-45c3-9aa6-334af0502250
31cb5498-3163-47f4-a8cb-40d288034942,e6f06d91-c8fd-491d-9a5d-7a49aec7e2cd
31e9d6dc-ed22-4268-ae00-c2defc1c039b,78db0fd8-37e9-4fc1-800b-f26221f21008
31e9d6dc-ed22-4268-ae00-c2defc1c039b,a023cd3c-63d0-49cb-bd1b-1af5252d8d34
31e9d6dc-ed22-4268-ae00-c2defc1c039b,d333f155-d66a-44f3-bb8c-443a989a2147
32f2faf4-4b48-46c2-bae2-2a3d846f04da,1b392cad-3abc-4776-bbb1-78a99b886b29
32f2faf4-4b48-46c2-bae2-2a3d846f04da,262590a9-146c-4e08-a937-07459a086d63
32f2faf4-4b48-46c2-bae2-2a3d846f04da,9f3b78a7-815d-45f9-85da-6ba4e60fb333
3329fe53-50e1-4898-9157-245c1a89c94a,54c60844-91c5-4f16-875e-e5c0382aec1a
3329fe53-50e1-4898-9157-245c1a89c94a,c8527017-e00b-4771-a39c-8a43ab121796
3339fd01-e192-4ded-b89e-5c23449a2387,0e6b0816-e95b-4bca-8b55-bfa61e3a9519
35b2569f-5455-4562-b5e4-c7d82d59e21b,75259b7c-bb19-432a-b7b7-07f7d5e269de
35b2569f-5455-4562-b5e4-c7d82d59e21b,93e369d3-8159-45c3-9aa6-334af0502250
35b2569f-5455-4562-b5e4-c7d82d59e21b,e6f06d91-c8fd-491d-9a5d-7a49aec7e2cd
35c7de15-3727-4e72-94e1-f7b47a9d60fd,41bd5650-da11-4750-b70f-01500ef0a54b
35c7de15-3727-4e72-94e1-f7b47a9d60fd,6a50bebb-6b44-45ab-b9f8-c0deb75d484e
36b4aeec-60b5-46e7-ad34-357ba32499c6,2d523025-45b9-47d9-9e61-636a753a32a5
36b4aeec-60b5-46e7-ad34-357ba32499c6,d333f155-d66a-44f3-bb8c-443a989a2147
36c78dbd-07f1-4d09-9d1e-128102354ab3,1b392cad-3abc-4776-bbb1-78a99b886b29
36c78dbd-07f1-4d09-9d1e-128102354ab3,6a50bebb-6b44-45ab-b9f8-c0deb75d484e
36c78dbd-07f1-4d09-9d1e-128102354ab3,70f028c8-c00d-4cbd-8127-7237eff2ab65
38bd8253-f622-46b3-b108-f2fac229ad72,1467dbfb-e821-429e-8d38-70e799523bb3
38bd8253-f622-46b3-b108-f2fac229ad72,57c41d9d-b2c9-4879-b4ec-10eeac1319c7
38bd8253-f622-46b3-b108-f2fac229ad72,5f7a9f5d-554d-45a4-8095-97e2f17d2d4b
38bd8253-f622-46b3-b108-f2fac229ad72,7baf62c4-1875-464b-a6ca-380108b4ff35
38bd8253-f622-46b3-b108-f2fac229ad72,887a5ef2-85af-4c9c-bd2c-7152ce0f3e17
3aa0053c-30fb-479a-aaf9-c1d27e7eb317,0e6b0816-e95b-4bca-8b55-bfa61e3a9519
3aa0053c-30fb-479a-aaf9-c1d27e7eb317,1b392cad-3abc-4776-bbb1-78a99b886b29
3aa0053c-30fb-479a-aaf9-c1d27e7eb317,e6f06d91-c8fd-491d-9a5d-7a49aec7e2cd
3aee9cbb-4270-44e6-a54f-e92908b5ce4c,1b392cad-3abc-4776-bbb1-78a99b886b29
3aee9cbb-4270-44e6-a54f-e92908b5ce4c,6a50bebb-6b44-45ab-b9f8-c0deb75d484e
3aee9cbb-4270-44e6-a54f-e92908b5ce4c,70f028c8-c00d-4cbd-8127-7237eff2ab65
3af16f78-17d3-4868-ab09-0412a3102fac,54c60844-91c5-4f16-875e-e5c0382aec1a
3af16f78-17d3-4868-ab09-0412a3102fac,c8527017-e00b-4771-a39c-8a43ab121796
3b4df870-093f-4f58-801b-9dd818088fc8,28754c79-c0bf-4dbb-9f89-45d83e54fb50
3b4df870-093f-4f58-801b-9dd818088fc8,e6d536de-22c9-427d-8b30-1067a4fd216f
3b88028e-efad-4691-87bd-d46b81e1c349,54c60844-91c5-4f16-875e-e5c0382aec1a
3b88028e-efad-4691-87bd-d46b81e1c349,c8527017-e00b-4771-a39c-8a43ab121796
3d5d48c7-5acf-4071-9f1c-b0e5131df756,a8ccae1a-9c4b-415b-8256-cc8889bde57b
3ddc3b2a-b02e-4391-9abb-157f70b670ae,1b392cad-3abc-4776-bbb1-78a99b886b29
3ddc3b2a-b02e-4391-9abb-157f70b670ae,37f3e285-8252-43a1-bfa8-ee67cc7969d9
3e51ef62-f2c6-423f-b794-f9704632e915,38b0a4bd-67ee-48e8-8db9-067e7c1667bb
3e51ef62-f2c6-423f-b794-f9704632e915,38e4c8e0-4267-4e93-b8e2-64d593766bce
3f2f47d0-bdf2-4e4b-9522-b0817a98cf12,12242c80-7e87-4a3a-9089-eb09e16aac1f
3f2f47d0-bdf2-4e4b-9522-b0817a98cf12,38b0a4bd-67ee-48e8-8db9-067e7c1667bb
3f2f47d0-bdf2-4e4b-9522-b0817a98cf12,f5a7403b-bb8d-460b-8d3b-b673d8e3bf71
3f37c4dc-5b3a-40f8-ae41-ee7169171f0c,08a18e22-3e53-4e1f-8535-9b3599e2fc0b
3f37c4dc-5b3a-40f8-ae41-ee7169171f0c,215a5f8f-06e1-4158-9721-e6008784fdd7
3f37c4dc-5b3a-40f8-ae41-ee7169171f0c,40e882c1-782c-4149-8cf7-aa975b6c01d7
3f37c4dc-5b3a-40f8-ae41-ee7169171f0c,a7f43594-640b-4fc9-8df5-a52985453583
3f62c70e-8a44-4c51-ad8f-2f5ed5c2a677,2d523025-45b9-47d9-9e61-636a753a32a5
3f62c70e-8a44-4c51-ad8f-2f5ed5c2a677,6a50bebb-6b44-45ab-b9f8-c0deb75d484e
40c51206-86f9-4d36-ab9e-5225fe4255c3,2d523025-45b9-47d9-9e61-636a753a32a5
40c51206-86f9-4d36-ab9e-5225fe4255c3,6a50bebb-6b44-45ab-b9f8-c0deb75d484e
40c51206-86f9-4d36-ab9e-5225fe4255c3,d333f155-d66a-44f3-bb8c-443a989a2147
416abfd1-997c-4bcb-a746-8c408b713b3f,1b392cad-3abc-4776-bbb1-78a99b886b29
416abfd1-997c-4bcb-a746-8c408b713b3f,262590a9-146c-4e08-a937-07459a086d63
416abfd1-997c-4bcb-a746-8c408b713b3f,9f3b78a7-815d-45f9-85da-6ba4e60fb333
418e9816-4f54-4ab1-b70a-380e5cd6f363,1b392cad-3abc-4776-bbb1-78a99b886b29
418e9816-4f54-4ab1-b70a-380e5cd6f363,262590a9-146c-4e08-a937-07459a086d63
418e9816-4f54-4ab1-b70a-380e5cd6f363,9f3b78a7-815d-45f9-85da-6ba4e60fb333
42582c4e-5a1c-4e16-9cec-75c9fbe01bbd,215a5f8f-06e1-4158-9721-e6008784fdd7
42582c4e-5a1c-4e16-9cec-75c9fbe01bbd,40e882c1-782c-4149-8cf7-aa975b6c01d7
42582c4e-5a1c-4e16-9cec-75c9fbe01bbd,652c2aa1-29f4-4cdd-9639-1cab46b39caa
42582c4e-5a1c-4e16-9cec-75c9fbe01bbd,e6d536de-22c9-427d-8b30-1067a4fd216f
426fafd3-f48f-4e75-bd3a-e501a00dcf8c,652c2aa1-29f4-4cdd-9639-1cab46b39caa
426fafd3-f48f-4e75-bd3a-e501a00dcf8c,6a50bebb-6b44-45ab-b9f8-c0deb75d484e
439da41d-8a87-4d9b-a501-c1b845b16ae5,0e6b0816-e95b-4bca-8b55-bfa61e3a9519
439da41d-8a87-4d9b-a501-c1b845b16ae5,41bd5650-da11-4750-b70f-01500ef0a54b
439da41d-8a87-4d9b-a501-c1b845b16ae5,70f028c8-c00d-4cbd-8127-7237eff2ab65
43a741bf-613e-420a-bd4c-7783d03b0304,2d523025-45b9-47d9-9e61-636a753a32a5
43a741bf-613e-420a-bd4c-7783d03b0304,41bd5650-da11-4750-b70f-01500ef0a54b
43a741bf-613e-420a-bd4c-7783d03b0304,6a50bebb-6b44-45ab-b9f8-c0deb75d484e
43b40974-46d0-41f9-a8e0-14109cb2097e,ac9a3cf9-4109-48ce-bb7a-c8f1ae6a83cb
43b40974-46d0-41f9-a8e0-14109cb2097e,d644742e-505e-4d3d-8af1-b50fe2293bd8
43b40974-46d0-41f9-a8e0-14109cb2097e,e6f06d91-c8fd-491d-9a5d-7a49aec7e2cd
43e7f41e-0a9d-4283-94e0-569e5d2de88f,41bd5650-da11-4750-b70f-01500ef0a54b
43e7f41e-0a9d-4283-94e0-569e5d2de88f,70f028c8-c00d-4cbd-8127-7237eff2ab65
4426bc25-e5fb-426f-8d50-679cfc5da621,78db0fd8-37e9-4fc1-800b-f26221f21008
4426bc25-e5fb-426f-8d50-679cfc5da621,a023cd3c-63d0-49cb-bd1b-1af5252d8d34
4426bc25-e5fb-426f-8d50-679cfc5da621,d333f155-d66a-44f3-bb8c-443a989a2147
4521b6ff-0fe6-4507-b957-0380fd411ffe,08a18e22-3e53-4e1f-8535-9b3599e2fc0b
4521b6ff-0fe6-4507-b957-0380fd411ffe,215a5f8f-06e1-4158-9721-e6008784fdd7
4521b6ff-0fe6-4507-b957-0380fd411ffe,40e882c1-782c-4149-8cf7-aa975b6c01d7
4521b6ff-0fe6-4507-b957-0380fd411ffe,a7f43594-640b-4fc9-8df5-a52985453583
47469a30-247f-4b31-9001-e95abd0863d8,38b0a4bd-67ee-48e8-8db9-067e7c1667bb
47469a30-247f-4b31-9001-e95abd0863d8,985f85ef-5960-43f5-b367-0688652a5a93
48ca3932-5a03-453e-a977-ef714179601a,652c2aa1-29f4-4cdd-9639-1cab46b39caa
48f8ed2c-ce1b-4021-884b-d73e071295c4,12242c80-7e87-4a3a-9089-eb09e16aac1f
48f8ed2c-ce1b-4021-884b-d73e071295c4,38b0a4bd-67ee-48e8-8db9-067e7c1667bb
48f8ed2c-ce1b-4021-884b-d73e071295c4,f5a7403b-bb8d-460b-8d3b-b673d8e3bf71
4911be4d-ec53-42fb-8136-162a1430e78b,1467dbfb-e821-429e-8d38-70e799523bb3
4911be4d-ec53-42fb-8136-162a1430e78b,57c41d9d-b2c9-4879-b4ec-10eeac1319c7
4911be4d-ec53-42fb-8136-162a1430e78b,5f7a9f5d-554d-45a4-8095-97e2f17d2d4b
4911be4d-ec53-42fb-8136-162a1430e78b,7baf62c4-1875-464b-a6ca-380108b4ff35
4911be4d-ec53-42fb-8136-162a1430e78b,887a5ef2-85af-4c9c-bd2c-7152ce0f3e17
49137ef0-5a6e-4655-978a-1ceb29fc1f9a,12242c80-7e87-4a3a-9089-eb09e16aac1f
49137ef0-5a6e-4655-978a-1ceb29fc1f9a,38b0a4bd-67ee-48e8-8db9-067e7c1667bb
49137ef0-5a6e-4655-978a-1ceb29fc1f9a,f5a7403b-bb8d-460b-8d3b-b673d8e3bf71
499cb651-d391-4947-952f-470508a1bfd1,6a50bebb-6b44-45ab-b9f8-c0deb75d484e
499cb651-d391-4947-952f-470508a1bfd1,a34f32ba-e445-413e-999b-8c31e2a9b6fc
499cb651-d391-4947-952f-470508a1bfd1,e6f06d91-c8fd-491d-9a5d-7a49aec7e2cd
4aeb6527-1185-47a9-bce5-26e2bcc1bcc5,11d5185c-c6d8-4193-b6d9-dea2e0336b8f
4aeb6527-1185-47a9-bce5-26e2bcc1bcc5,41bd5650-da11-4750-b70f-01500ef0a54b
4aeb6527-1185-47a9-bce5-26e2bcc1bcc5,6a50bebb-6b44-45ab-b9f8-c0deb75d484e
4aeb6527-1185-47a9-bce5-26e2bcc1bcc5,d333f155-d66a-44f3-bb8c-443a989a2147
4aeb6527-1185-47a9-bce5-26e2bcc1bcc5,f5a7403b-bb8d-460b-8d3b-b673d8e3bf71
4b2e8ec6-f3a8-4449-8aa4-1a6f5587c41e,ac9a3cf9-4109-48ce-bb7a-c8f1ae6a83cb
4b2e8ec6-f3a8-4449-8aa4-1a6f5587c41e,d644742e-505e-4d3d-8af1-b50fe2293bd8
4b2e8ec6-f3a8-4449-8aa4-1a6f5587c41e,e6f06d91-c8fd-491d-9a5d-7a49aec7e2cd
4b45b569-d7f9-41d4-8bcd-914bc703bc46,1b392cad-3abc-4776-bbb1-78a99b886b29
4b494b74-1784-464a-9f68-872ca01fdb07,12242c80-7e87-4a3a-9089-eb09e16aac1f
4b494b74-1784-464a-9f68-872ca01fdb07,38b0a4bd-67ee-48e8-8db9-067e7c1667bb
4b494b74-1784-464a-9f68-872ca01fdb07,f5a7403b-bb8d-460b-8d3b-b673d8e3bf71
4e3fa34d-7046-457c-a308-6d9c7a1fe4d2,08a18e22-3e53-4e1f-8535-9b3599e2fc0b
4e3fa34d-7046-457c-a308-6d9c7a1fe4d2,215a5f8f-06e1-4158-9721-e6008784fdd7
4e3fa34d-7046-457c-a308-6d9c7a1fe4d2,40e882c1-782c-4149-8cf7-aa975b6c01d7
4e3fa34d-7046-457c-a308-6d9c7a1fe4d2,a7f43594-640b-4fc9-8df5-a52985453583
4ef85708-ef65-4357-ad83-7c3a1e0c0af7,1b392cad-3abc-4776-bbb1-78a99b886b29
4ef85708-ef65-4357-ad83-7c3a1e0c0af7,6a50bebb-6b44-45ab-b9f8-c0deb75d484e
4fb2a197-94bd-4716-99f1-eace832517d9,54c60844-91c5-4f16-875e-e5c0382aec1a
4fb2a197-94bd-4716-99f1-eace832517d9,c8527017-e00b-4771-a39c-8a43ab121796
5036ba37-3381-4b0e-a436-e83965cf6242,12242c80-7e87-4a3a-9089-eb09e16aac1f
5036ba37-3381-4b0e-a436-e83965cf6242,38b0a4bd-67ee-48e8-8db9-067e7c1667bb
5036ba37-3381-4b0e-a436-e83965cf6242,f5a7403b-bb8d-460b-8d3b-b673d8e3bf71
50d4cb6b-ea16-43e3-b200-02a5e9080135,11d5185c-c6d8-4193-b6d9-dea2e0336b8f
50d4cb6b-ea16-43e3-b200-02a5e9080135,41bd5650-da11-4750-b70f-01500ef0a54b
50d4cb6b-ea16-43e3-b200-02a5e9080135,6a50bebb-6b44-45ab-b9f8-c0deb75d484e
50d4cb6b-ea16-43e3-b200-02a5e9080135,d333f155-d66a-44f3-bb8c-443a989a2147
50d4cb6b-ea16-43e3-b200-02a5e9080135,f5a7403b-bb8d-460b-8d3b-b673d8e3bf71
50d86cf4-6f84-42b9-a0d9-57fd9e565103,12242c80-7e87-4a3a-9089-eb09e16aac1f
50d86cf4-6f84-42b9-a0d9-57fd9e565103,38b0a4bd-67ee-48e8-8db9-067e7c1667bb
50d86cf4-6f84-42b9-a0d9-57fd9e565103,f5a7403b-bb8d-460b-8d3b-b673d8e3bf71
5211efc7-6c7b-4d21-b168-c1066e17b6a2,75259b7c-bb19-432a-b7b7-07f7d5e269de
5211efc7-6c7b-4d21-b168-c1066e17b6a2,93e369d3-8159-45c3-9aa6-334af0502250
5211efc7-6c7b-4d21-b168-c1066e17b6a2,e6f06d91-c8fd-491d-9a5d-7a49aec7e2cd
5285c41d-5381-4ec1-961d-b22b482e9cb5,1b392cad-3abc-4776-bbb1-78a99b886b29
5285c41d-5381-4ec1-961d-b22b482e9cb5,262590a9-146c-4e08-a937-07459a086d63
5285c41d-5381-4ec1-961d-b22b482e9cb5,9f3b78a7-815d-45f9-85da-6ba4e60fb333
534a3d81-3919-4448-b519-8f2c8e2176c7,12242c80-7e87-4a3a-9089-eb09e16aac1f
534a3d81-3919-4448-b519-8f2c8e2176c7,38b0a4bd-67ee-48e8-8db9-067e7c1667bb
534a3d81-3919-4448-b519-8f2c8e2176c7,f5a7403b-bb8d-460b-8d3b-b673d8e3bf71
543857ba-0012-40fb-b353-6f0722a2613e,1b392cad-3abc-4776-bbb1-78a99b886b29
55a7bc73-50d6-4f17-839b-9d4ff8099146,a34f32ba-e445-413e-999b-8c31e2a9b6fc
55a7bc73-50d6-4f17-839b-9d4ff8099146,d333f155-d66a-44f3-bb8c-443a989a2147
562887bc-fc12-4365-b5a8-4255c01fd4ac,0e6b0816-e95b-4bca-8b55-bfa61e3a9519
56def3c5-be60-4c44-bd3b-5531b37ee67a,ac9a3cf9-4109-48ce-bb7a-c8f1ae6a83cb
56def3c5-be60-4c44-bd3b-5531b37ee67a,d644742e-505e-4d3d-8af1-b50fe2293bd8
56def3c5-be60-4c44-bd3b-5531b37ee67a,e6f06d91-c8fd-491d-9a5d-7a49aec7e2cd
578c0f28-8307-4a85-b7b2-f62387821dce,40fcfd48-0bed-48ef-99bc-5770f4b3ac67
578c0f28-8307-4a85-b7b2-f62387821dce,e6f06d91-c8fd-491d-9a5d-7a49aec7e2cd
5802676d-7348-4bd3-ab33-52a51bce4ebd,75259b7c-bb19-432a-b7b7-07f7d5e269de
5802676d-7348-4bd3-ab33-52a51bce4ebd,93e369d3-8159-45c3-9aa6-334af0502250
5802676d-7348-4bd3-ab33-52a51bce4ebd,e6f06d91-c8fd-491d-9a5d-7a49aec7e2cd
580a3a56-4418-47d0-a4a2-89423ea37223,9ef6e4fe-b8f8-4f9c-8224-fe23425a4409
580a3a56-4418-47d0-a4a2-89423ea37223,f2f4d531-46dd-40f0-a536-dde36529164d
5a49844a-e771-44c1-8e10-6dd146834f64,652c2aa1-29f4-4cdd-9639-1cab46b39caa
5ab902e6-9335-449e-9308-4b92aca920f2,ac9a3cf9-4109-48ce-bb7a-c8f1ae6a83cb
5ab902e6-9335-449e-9308-4b92aca920f2,d644742e-505e-4d3d-8af1-b50fe2293bd8
5ab902e6-9335-449e-9308-4b92aca920f2,e6f06d91-c8fd-491d-9a5d-7a49aec7e2cd
5acafa13-6059-455f-ac2a-8c3cea9372ab,1b392cad-3abc-4776-bbb1-78a99b886b29
5acafa13-6059-455f-ac2a-8c3cea9372ab,262590a9-146c-4e08-a937-07459a086d63
5acafa13-6059-455f-ac2a-8c3cea9372ab,9f3b78a7-815d-45f9-85da-6ba4e60fb333
5b544337-8c42-491f-969e-14bcb77a23f4,12242c80-7e87-4a3a-9089-eb09e16aac1f
5b544337-8c42-491f-969e-14bcb77a23f4,38b0a4bd-67ee-48e8-8db9-067e7c1667bb
5b544337-8c42-491f-969e-14bcb77a23f4,f5a7403b-bb8d-460b-8d3b-b673d8e3bf71
5b6a97bd-5655-4b68-a860-47e63888c105,6a50bebb-6b44-45ab-b9f8-c0deb75d484e
5ca76092-c8d7-44d3-b4b8-372470b90ee0,0e6b0816-e95b-4bca-8b55-bfa61e3a9519
5ca76092-c8d7-44d3-b4b8-372470b90ee0,6a50bebb-6b44-45ab-b9f8-c0deb75d484e
5ce46ded-d665-4f33-82df-1c7b5da1d3bb,652c2aa1-29f4-4cdd-9639-1cab46b39caa
5ce46ded-d665-4f33-82df-1c7b5da1d3bb,6a50bebb-6b44-45ab-b9f8-c0deb75d484e
5ce46ded-d665-4f33-82df-1c7b5da1d3bb,70f028c8-c00d-4cbd-8127-7237eff2ab65
5d07b0f1-d38c-42ff-aceb-33167841fb51,1b392cad-3abc-4776-bbb1-78a99b886b29
5d07b0f1-d38c-42ff-aceb-33167841fb51,6a50bebb-6b44-45ab-b9f8-c0deb75d484e
5d0d1b7d-4ac6-469f-a10c-058e45daa83c,d333f155-d66a-44f3-bb8c-443a989a2147
5d3ef5e7-c277-4ca7-977f-8c418f57599b,08a18e22-3e53-4e1f-8535-9b3599e2fc0b
5d3ef5e7-c277-4ca7-977f-8c418f57599b,215a5f8f-06e1-4158-9721-e6008784fdd7
5d3ef5e7-c277-4ca7-977f-8c418f57599b,40e882c1-782c-4149-8cf7-aa975b6c01d7
5d3ef5e7-c277-4ca7-977f-8c418f57599b,a7f43594-640b-4fc9-8df5-a52985453583
5d5b45d4-5dc9-4f52-9839-9c2f1bc7fa07,12242c80-7e87-4a3a-9089-eb09e16aac1f
5d5b45d4-5dc9-4f52-9839-9c2f1bc7fa07,38b0a4bd-67ee-48e8-8db9-067e7c1667bb
5d5b45d4-5dc9-4f52-9839-9c2f1bc7fa07,f5a7403b-bb8d-460b-8d3b-b673d8e3bf71
5db30da3-1532-4445-9808-fbcc892337d4,41bd5650-da11-4750-b70f-01500ef0a54b
5db30da3-1532-4445-9808-fbcc892337d4,6a50bebb-6b44-45ab-b9f8-c0deb75d484e
5db30da3-1532-4445-9808-fbcc892337d4,a34f32ba-e445-413e-999b-8c31e2a9b6fc
5dcb6acd-40a6-48f9-831d-bf74a3885551,75259b7c-bb19-432a-b7b7-07f7d5e269de
5dcb6acd-40a6-48f9-831d-bf74a3885551,93e369d3-8159-45c3-9aa6-334af0502250
5dcb6acd-40a6-48f9-831d-bf74a3885551,e6f06d91-c8fd-491d-9a5d-7a49aec7e2cd
5e353ba3-3c0c-4ca0-b589-f98d0b7cb90c,857a1705-d0a4-4f10-8ad5-a980b011246f
5e353ba3-3c0c-4ca0-b589-f98d0b7cb90c,d95b6338-94d8-4cd3-bee9-35ed5909786d
5e85bde6-5324-4234-8077-af8bf8c03dc8,75259b7c-bb19-432a-b7b7-07f7d5e269de
5e85bde6-5324-4234-8077-af8bf8c03dc8,93e369d3-8159-45c3-9aa6-334af0502250
5e85bde6-5324-4234-8077-af8bf8c03dc8,e6f06d91-c8fd-491d-9a5d-7a49aec7e2cd
5f5d8683-9fb7-47be-aefa-3692e799e461,08a18e22-3e53-4e1f-8535-9b3599e2fc0b
5f5d8683-9fb7-47be-aefa-3692e799e461,215a5f8f-06e1-4158-9721-e6008784fdd7
5f5d8683-9fb7-47be-aefa-3692e799e461,40e882c1-782c-4149-8cf7-aa975b6c01d7
5f5d8683-9fb7-47be-aefa-3692e799e461,a7f43594-640b-4fc9-8df5-a52985453583
5ff67582-1a09-4371-b144-c9551861c08d,12242c80-7e87-4a3a-9089-eb09e16aac1f
5ff67582-1a09-4371-b144-c9551861c08d,38b0a4bd-67ee-48e8-8db9-067e7c1667bb
5ff67582-1a09-4371-b144-c9551861c08d,f5a7403b-bb8d-460b-8d3b-b673d8e3bf71
6022d8b1-b67d-49f5-bd44-85eb98d5ac65,1b392cad-3abc-4776-bbb1-78a99b886b29
6022d8b1-b67d-49f5-bd44-85eb98d5ac65,e6f06d91-c8fd-491d-9a5d-7a49aec7e2cd
608ec7d1-8d99-4725-b0a5-8189d140c381,78db0fd8-37e9-4fc1-800b-f26221f21008
608ec7d1-8d99-4725-b0a5-8189d140c381,a023cd3c-63d0-49cb-bd1b-1af5252d8d34
608ec7d1-8d99-4725-b0a5-8189d140c381,d333f155-d66a-44f3-bb8c-443a989a2147
61dc397d-9b57-406c-9940-825a6d943315,54c60844-91c5-4f16-875e-e5c0382aec1a
61dc397d-9b57-406c-9940-825a6d943315,c8527017-e00b-4771-a39c-8a43ab121796
63824aa9-48d6-48ed-bba0-fe8189236d8f,652c2aa1-29f4-4cdd-9639-1cab46b39caa
63824aa9-48d6-48ed-bba0-fe8189236d8f,6a50bebb-6b44-45ab-b9f8-c0deb75d484e
63824aa9-48d6-48ed-bba0-fe8189236d8f,d333f155-d66a-44f3-bb8c-443a989a2147
638924aa-c05b-4003-8a0d-44a968e1f23a,45ddeb85-18d5-4359-987a-f1e1cd9171c5
638924aa-c05b-4003-8a0d-44a968e1f23a,6a50bebb-6b44-45ab-b9f8-c0deb75d484e
657d9afd-d7c1-48ff-a48c-2ef7f3e2d52c,75259b7c-bb19-432a-b7b7-07f7d5e269de
657d9afd-d7c1-48ff-a48c-2ef7f3e2d52c,93e369d3-8159-45c3-9aa6-334af0502250
657d9afd-d7c1-48ff-a48c-2ef7f3e2d52c,e6f06d91-c8fd-491d-9a5d-7a49aec7e2cd
65cd4c20-1fb9-4c02-aaeb-6ad8a3fd4563,ac9a3cf9-4109-48ce-bb7a-c8f1ae6a83cb
65cd4c20-1fb9-4c02-aaeb-6ad8a3fd4563,d644742e-505e-4d3d-8af1-b50fe2293bd8
65cd4c20-1fb9-4c02-aaeb-6ad8a3fd4563,e6f06d91-c8fd-491d-9a5d-7a49aec7e2cd
6669187f-ab62-4144-8a9e-4e685cc57f10,41bd5650-da11-4750-b70f-01500ef0a54b
6709ce29-2e17-40f4-b707-3bf4c72279e0,2d523025-45b9-47d9-9e61-636a753a32a5
6709ce29-2e17-40f4-b707-3bf4c72279e0,41bd5650-da11-4750-b70f-01500ef0a54b
6709ce29-2e17-40f4-b707-3bf4c72279e0,a34f32ba-e445-413e-999b-8c31e2a9b6fc
67353674-7691-4520-8f59-eac0a4da8e88,78db0fd8-37e9-4fc1-800b-f26221f21008
67353674-7691-4520-8f59-eac0a4da8e88,a023cd3c-63d0-49cb-bd1b-1af5252d8d34
67353674-7691-4520-8f59-eac0a4da8e88,d333f155-d66a-44f3-bb8c-443a989a2147
6abe80cb-0582-47c9-b1ed-d9516cb1274a,5a8f409d-39f6-4deb-9b52-7a02012e79e7
6abe80cb-0582-47c9-b1ed-d9516cb1274a,8667f284-a276-41c8-ae4d-a707228e1417
6abe80cb-0582-47c9-b1ed-d9516cb1274a,d95cac73-ce81-40ae-9661-c7ad3d36bcf0
6b58a460-5cd0-4155-995d-5898573e5905,2d523025-45b9-47d9-9e61-636a753a32a5
6c083b1b-5679-4ab6-ae29-574c979abe92,1467dbfb-e821-429e-8d38-70e799523bb3
6c083b1b-5679-4ab6-ae29-574c979abe92,57c41d9d-b2c9-4879-b4ec-10eeac1319c7
6c083b1b-5679-4ab6-ae29-574c979abe92,5f7a9f5d-554d-45a4-8095-97e2f17d2d4b
6c083b1b-5679-4ab6-ae29-574c979abe92,7baf62c4-1875-464b-a6ca-380108b4ff35
6c083b1b-5679-4ab6-ae29-574c979abe92,887a5ef2-85af-4c9c-bd2c-7152ce0f3e17
6c4c089e-0824-4f22-a9fe-0b5599a008ba,54c60844-91c5-4f16-875e-e5c0382aec1a
6c716e55-de62-4314-96e9-2986e1fb5031,e6f06d91-c8fd-491d-9a5d-7a49aec7e2cd
6c931000-715e-4245-bd70-b50d13c71f45,2f17a536-4865-4f78-a2de-f9cd02e3c858
6c931000-715e-4245-bd70-b50d13c71f45,38b0a4bd-67ee-48e8-8db9-067e7c1667bb
6caba650-21c3-4bd0-8c8a-7884b6038189,70f028c8-c00d-4cbd-8127-7237eff2ab65
6caba650-21c3-4bd0-8c8a-7884b6038189,d333f155-d66a-44f3-bb8c-443a989a2147
6d0bfb58-6d5a-4ac2-aae3-1a60f484594f,6a50bebb-6b44-45ab-b9f8-c0deb75d484e
6d0bfb58-6d5a-4ac2-aae3-1a60f484594f,70f028c8-c00d-4cbd-8127-7237eff2ab65
6d24fd4c-97fd-47ae-aea9-a0c2cddf9673,2d523025-45b9-47d9-9e61-636a753a32a5
6d24fd4c-97fd-47ae-aea9-a0c2cddf9673,6a50bebb-6b44-45ab-b9f8-c0deb75d484e
6d24fd4c-97fd-47ae-aea9-a0c2cddf9673,70f028c8-c00d-4cbd-8127-7237eff2ab65
6d5a8bf5-44a6-48af-be5f-ccb198942eea,12242c80-7e87-4a3a-9089-eb09e16aac1f
6d5a8bf5-44a6-48af-be5f-ccb198942eea,38b0a4bd-67ee-48e8-8db9-067e7c1667bb
6d5a8bf5-44a6-48af-be5f-ccb198942eea,f5a7403b-bb8d-460b-8d3b-b673d8e3bf71
6e37397e-e931-4b33-ac19-0cb47545ed56,1467dbfb-e821-429e-8d38-70e799523bb3
6e37397e-e931-4b33-ac19-0cb47545ed56,57c41d9d-b2c9-4879-b4ec-10eeac1319c7
6e37397e-e931-4b33-ac19-0cb47545ed56,5f7a9f5d-554d-45a4-8095-97e2f17d2d4b
6e37397e-e931-4b33-ac19-0cb47545ed56,7baf62c4-1875-464b-a6ca-380108b4ff35
6e37397e-e931-4b33-ac19-0cb47545ed56,887a5ef2-85af-4c9c-bd2c-7152ce0f3e17
6f05fc73-7ddf-4f3d-8462-d98c62b7bd64,54c60844-91c5-4f16-875e-e5c0382aec1a
6f05fc73-7ddf-4f3d-8462-d98c62b7bd64,c8527017-e00b-4771-a39c-8a43ab121796
6f0ac6ad-fb12-482c-8d87-e10a9d53b3f2,1467dbfb-e821-429e-8d38-70e799523bb3
6f0ac6ad-fb12-482c-8d87-e10a9d53b3f2,57c41d9d-b2c9-4879-b4ec-10eeac1319c7
6f0ac6ad-fb12-482c-8d87-e10a9d53b3f2,5f7a9f5d-554d-45a4-8095-97e2f17d2d4b
6f0ac6ad-fb12-482c-8d87-e10a9d53b3f2,7baf62c4-1875-464b-a6ca-380108b4ff35
6f0ac6ad-fb12-482c-8d87-e10a9d53b3f2,887a5ef2-85af-4c9c-bd2c-7152ce0f3e17
6f710a76-70d5-4886-8bba-0639bbcd1ae8,1b392cad-3abc-4776-bbb1-78a99b886b29
6f710a76-70d5-4886-8bba-0639bbcd1ae8,41bd5650-da11-4750-b70f-01500ef0a54b
6f86c7cb-a222-4e96-b851-c4c39e81a566,22899b3a-873f-4c96-b326-a3164026da0e
6f86c7cb-a222-4e96-b851-c4c39e81a566,40e882c1-782c-4149-8cf7-aa975b6c01d7
6f86c7cb-a222-4e96-b851-c4c39e81a566,af291a46-50c6-42bc-a1b4-7933f87e2e20
6f86c7cb-a222-4e96-b851-c4c39e81a566,e6d536de-22c9-427d-8b30-1067a4fd216f
70a10b2b-fe0b-4b48-9408-f9ace396e4c4,2d523025-45b9-47d9-9e61-636a753a32a5
70a10b2b-fe0b-4b48-9408-f9ace396e4c4,41bd5650-da11-4750-b70f-01500ef0a54b
70afdf6f-d75e-4215-be22-0bdc80427de7,6a50bebb-6b44-45ab-b9f8-c0deb75d484e
70c3ff85-aa77-4a64-bae1-d6288e43ed8b,78db0fd8-37e9-4fc1-800b-f26221f21008
70c3ff85-aa77-4a64-bae1-d6288e43ed8b,a023cd3c-63d0-49cb-bd1b-1af5252d8d34
70c3ff85-aa77-4a64-bae1-d6288e43ed8b,d333f155-d66a-44f3-bb8c-443a989a2147
725e83f1-126e-41bd-ab08-90875c087b35,78db0fd8-37e9-4fc1-800b-f26221f21008
725e83f1-126e-41bd-ab08-90875c087b35,a023cd3c-63d0-49cb-bd1b-1af5252d8d34
725e83f1-126e-41bd-ab08-90875c087b35,d333f155-d66a-44f3-bb8c-443a989a2147
72d921e4-e748-42fa-ae81-8d586a05b74b,11d5185c-c6d8-4193-b6d9-dea2e0336b8f
72d921e4-e748-42fa-ae81-8d586a05b74b,41bd5650-da11-4750-b70f-01500ef0a54b
72d921e4-e748-42fa-ae81-8d586a05b74b,6a50bebb-6b44-45ab-b9f8-c0deb75d484e
72d921e4-e748-42fa-ae81-8d586a05b74b,d333f155-d66a-44f3-bb8c-443a989a2147
72d921e4-e748-42fa-ae81-8d586a05b74b,f5a7403b-bb8d-460b-8d3b-b673d8e3bf71
734c2c88-b1d6-4118-933c-84e15c59f1fd,ac9a3cf9-4109-48ce-bb7a-c8f1ae6a83cb
734c2c88-b1d6-4118-933c-84e15c59f1fd,d644742e-505e-4d3d-8af1-b50fe2293bd8
734c2c88-b1d6-4118-933c-84e15c59f1fd,e6f06d91-c8fd-491d-9a5d-7a49aec7e2cd
741e2f67-5d4b-4ca3-941d-c8ca0b50df9e,08a18e22-3e53-4e1f-8535-9b3599e2fc0b
741e2f67-5d4b-4ca3-941d-c8ca0b50df9e,215a5f8f-06e1-4158-9721-e6008784fdd7
741e2f67-5d4b-4ca3-941d-c8ca0b50df9e,40e882c1-782c-4149-8cf7-aa975b6c01d7
741e2f67-5d4b-4ca3-941d-c8ca0b50df9e,a7f43594-640b-4fc9-8df5-a52985453583
748fc5b2-5e9d-479e-ac85-9e9b675dd7e4,1b392cad-3abc-4776-bbb1-78a99b886b29
748fc5b2-5e9d-479e-ac85-9e9b675dd7e4,262590a9-146c-4e08-a937-07459a086d63
748fc5b2-5e9d-479e-ac85-9e9b675dd7e4,9f3b78a7-815d-45f9-85da-6ba4e60fb333
74a6f585-8307-4485-9def-e5a95fcb20cb,54c60844-91c5-4f16-875e-e5c0382aec1a
74a6f585-8307-4485-9def-e5a95fcb20cb,c8527017-e00b-4771-a39c-8a43ab121796
76745a3e-3688-4601-97c6-aa5c46fc5f4f,1b392cad-3abc-4776-bbb1-78a99b886b29
76745a3e-3688-4601-97c6-aa5c46fc5f4f,262590a9-146c-4e08-a937-07459a086d63
76745a3e-3688-4601-97c6-aa5c46fc5f4f,9f3b78a7-815d-45f9-85da-6ba4e60fb333
77b3a3a6-bd76-4f25-90f1-c1bb6290cc98,1b392cad-3abc-4776-bbb1-78a99b886b29
77b3a3a6-bd76-4f25-90f1-c1bb6290cc98,6a50bebb-6b44-45ab-b9f8-c0deb75d484e
77b3a3a6-bd76-4f25-90f1-c1bb6290cc98,a34f32ba-e445-413e-999b-8c31e2a9b6fc
780d8fe8-4bdb-44c4-bdac-3380802011ff,12242c80-7e87-4a3a-9089-eb09e16aac1f
780d8fe8-4bdb-44c4-bdac-3380802011ff,38b0a4bd-67ee-48e8-8db9-067e7c1667bb
780d8fe8-4bdb-44c4-bdac-3380802011ff,f5a7403b-bb8d-460b-8d3b-b673d8e3bf71
78185305-270e-4b64-b9b5-7cc36b5b6333,54c60844-91c5-4f16-875e-e5c0382aec1a
78185305-270e-4b64-b9b5-7cc36b5b6333,c8527017-e00b-4771-a39c-8a43ab121796
78ff1be6-ebd4-4dfc-b678-cb3e3740ba69,0e6b0816-e95b-4bca-8b55-bfa61e3a9519
79dc196d-dd74-4350-a5fe-7b2e8dee41de,d98bcbd8-a65c-4e4e-8c63-dbb995532602
7b660d9b-3286-4596-aba2-a065493d3053,78db0fd8-37e9-4fc1-800b-f26221f21008
7b660d9b-3286-4596-aba2-a065493d3053,a023cd3c-63d0-49cb-bd1b-1af5252d8d34
7b660d9b-3286-4596-aba2-a065493d3053,d333f155-d66a-44f3-bb8c-443a989a2147
7b9f348a-37c0-40e8-89f9-9349f0de34ee,54c60844-91c5-4f16-875e-e5c0382aec1a
7b9f348a-37c0-40e8-89f9-9349f0de34ee,c8527017-e00b-4771-a39c-8a43ab121796
7bd6b47f-e7d7-4b39-9230-8834d9114d12,ac9a3cf9-4109-48ce-bb7a-c8f1ae6a83cb
7bd6b47f-e7d7-4b39-9230-8834d9114d12,d644742e-505e-4d3d-8af1-b50fe2293bd8
7bd6b47f-e7d7-4b39-9230-8834d9114d12,e6f06d91-c8fd-491d-9a5d-7a49aec7e2cd
7beda5c5-9a29-4e56-ae71-d0abc7620804,d95b6338-94d8-4cd3-bee9-35ed5909786d
7c9faae7-56b8-4e72-bb86-48c80986d689,5b156a4b-16f1-4f49-90e6-051fce80de3f
7c9faae7-56b8-4e72-bb86-48c80986d689,93e369d3-8159-45c3-9aa6-334af0502250
7c9faae7-56b8-4e72-bb86-48c80986d689,fe248f2c-fb2d-47ab-bb4a-d93c404e39d3
7ce4d244-d2cf-4f7e-9c62-341bfc29df4f,0e6b0816-e95b-4bca-8b55-bfa61e3a9519
7ce4d244-d2cf-4f7e-9c62-341bfc29df4f,2d523025-45b9-47d9-9e61-636a753a32a5
7ce4d244-d2cf-4f7e-9c62-341bfc29df4f,6a50bebb-6b44-45ab-b9f8-c0deb75d484e
7e0575ff-38a6-4530-adb1-3abbdf59260e,70f028c8-c00d-4cbd-8127-7237eff2ab65
7e2bb549-4e67-48fe-ba6a-8c2d44e35f11,652c2aa1-29f4-4cdd-9639-1cab46b39caa
7f993f6b-7b3d-459b-99c6-d0b8602e8e13,78db0fd8-37e9-4fc1-800b-f26221f21008
7fecd226-94e1-4f58-899c-b5af56418aa6,54c60844-91c5-4f16-875e-e5c0382aec1a
7fecd226-94e1-4f58-899c-b5af56418aa6,c8527017-e00b-4771-a39c-8a43ab121796
804aaae9-fb24-404f-9a1e-169b2ed82cd1,40e882c1-782c-4149-8cf7-aa975b6c01d7
804aaae9-fb24-404f-9a1e-169b2ed82cd1,78db0fd8-37e9-4fc1-800b-f26221f21008
819c1e7f-8395-49d6-acfa-a99492ad4e04,e6f06d91-c8fd-491d-9a5d-7a49aec7e2cd
833e7c39-16c9-492f-a342-218ca34091b9,6a50bebb-6b44-45ab-b9f8-c0deb75d484e
833e7c39-16c9-492f-a342-218ca34091b9,a34f32ba-e445-413e-999b-8c31e2a9b6fc
83863ac9-745a-44e3-9c03-9e975872e3b6,45ddeb85-18d5-4359-987a-f1e1cd9171c5
83863ac9-745a-44e3-9c03-9e975872e3b6,5a8f409d-39f6-4deb-9b52-7a02012e79e7
83863ac9-745a-44e3-9c03-9e975872e3b6,8667f284-a276-41c8-ae4d-a707228e1417
83863ac9-745a-44e3-9c03-9e975872e3b6,d95cac73-ce81-40ae-9661-c7ad3d36bcf0
839e055f-ed6d-4aca-998f-9faff861318c,2d523025-45b9-47d9-9e61-636a753a32a5
839e055f-ed6d-4aca-998f-9faff861318c,6a50bebb-6b44-45ab-b9f8-c0deb75d484e
839e055f-ed6d-4aca-998f-9faff861318c,e6f06d91-c8fd-491d-9a5d-7a49aec7e2cd
84ba8e8c-cb5b-4a19-bc72-4e1ea49d6c2e,75259b7c-bb19-432a-b7b7-07f7d5e269de
84ba8e8c-cb5b-4a19-bc72-4e1ea49d6c2e,93e369d3-8159-45c3-9aa6-334af0502250
84ba8e8c-cb5b-4a19-bc72-4e1ea49d6c2e,e6f06d91-c8fd-491d-9a5d-7a49aec7e2cd
84f79fe6-54f7-4ff0-baef-5488318d562e,08a18e22-3e53-4e1f-8535-9b3599e2fc0b
84f79fe6-54f7-4ff0-baef-5488318d562e,215a5f8f-06e1-4158-9721-e6008784fdd7
84f79fe6-54f7-4ff0-baef-5488318d562e,40e882c1-782c-4149-8cf7-aa975b6c01d7
84f79fe6-54f7-4ff0-baef-5488318d562e,a7f43594-640b-4fc9-8df5-a52985453583
8517a5db-ec0f-4044-8b16-ae050c06c213,1b392cad-3abc-4776-bbb1-78a99b886b29
8517a5db-ec0f-4044-8b16-ae050c06c213,262590a9-146c-4e08-a937-07459a086d63
8517a5db-ec0f-4044-8b16-ae050c06c213,9f3b78a7-815d-45f9-85da-6ba4e60fb333
853c974f-c0ff-4a7f-88b3-da03a02c4207,0e6b0816-e95b-4bca-8b55-bfa61e3a9519
853c974f-c0ff-4a7f-88b3-da03a02c4207,d333f155-d66a-44f3-bb8c-443a989a2147
85480888-3872-402c-b20c-82cfb9837fde,11d5185c-c6d8-4193-b6d9-dea2e0336b8f
85480888-3872-402c-b20c-82cfb9837fde,41bd5650-da11-4750-b70f-01500ef0a54b
85480888-3872-402c-b20c-82cfb9837fde,45ddeb85-18d5-4359-987a-f1e1cd9171c5
85480888-3872-402c-b20c-82cfb9837fde,6a50bebb-6b44-45ab-b9f8-c0deb75d484e
85480888-3872-402c-b20c-82cfb9837fde,d333f155-d66a-44f3-bb8c-443a989a2147
85480888-3872-402c-b20c-82cfb9837fde,f5a7403b-bb8d-460b-8d3b-b673d8e3bf71
85edf476-0108-48c7-bcb4-88c7d0304f4b,2d523025-45b9-47d9-9e61-636a753a32a5
85edf476-0108-48c7-bcb4-88c7d0304f4b,70f028c8-c00d-4cbd-8127-7237eff2ab65
86161a59-57eb-4644-9bd0-1e5472e9177e,0e6b0816-e95b-4bca-8b55-bfa61e3a9519
86161a59-57eb-4644-9bd0-1e5472e9177e,2d523025-45b9-47d9-9e61-636a753a32a5
86161a59-57eb-4644-9bd0-1e5472e9177e,45ddeb85-18d5-4359-987a-f1e1cd9171c5
86161a59-57eb-4644-9bd0-1e5472e9177e,6a50bebb-6b44-45ab-b9f8-c0deb75d484e
867c4a68-08ca-4301-89ac-97e87ea54e1a,1467dbfb-e821-429e-8d38-70e799523bb3
867c4a68-08ca-4301-89ac-97e87ea54e1a,57c41d9d-b2c9-4879-b4ec-10eeac1319c7
867c4a68-08ca-4301-89ac-97e87ea54e1a,5f7a9f5d-554d-45a4-8095-97e2f17d2d4b
867c4a68-08ca-4301-89ac-97e87ea54e1a,7baf62c4-1875-464b-a6ca-380108b4ff35
867c4a68-08ca-4301-89ac-97e87ea54e1a,887a5ef2-85af-4c9c-bd2c-7152ce0f3e17
87306f68-eeb5-4bdc-80bd-c1c335ffa5d4,08a18e22-3e53-4e1f-8535-9b3599e2fc0b
87306f68-eeb5-4bdc-80bd-c1c335ffa5d4,215a5f8f-06e1-4158-9721-e6008784fdd7
87306f68-eeb5-4bdc-80bd-c1c335ffa5d4,40e882c1-782c-4149-8cf7-aa975b6c01d7
87306f68-eeb5-4bdc-80bd-c1c335ffa5d4,a7f43594-640b-4fc9-8df5-a52985453583
886fe6b7-2b1f-46ff-8886-ce82f0b0b667,41bd5650-da11-4750-b70f-01500ef0a54b
886fe6b7-2b1f-46ff-8886-ce82f0b0b667,6a50bebb-6b44-45ab-b9f8-c0deb75d484e
886fe6b7-2b1f-46ff-8886-ce82f0b0b667,a34f32ba-e445-413e-999b-8c31e2a9b6fc
88a3aa18-c4e3-4421-b40c-6cada51abdd5,12242c80-7e87-4a3a-9089-eb09e16aac1f
88a3aa18-c4e3-4421-b40c-6cada51abdd5,38b0a4bd-67ee-48e8-8db9-067e7c1667bb
88a3aa18-c4e3-4421-b40c-6cada51abdd5,f5a7403b-bb8d-460b-8d3b-b673d8e3bf71
8900e353-d4dd-4b14-9d4b-ac36327f8af7,1b392cad-3abc-4776-bbb1-78a99b886b29
89411188-e3ec-4273-9021-6c4c8d8fd456,1b392cad-3abc-4776-bbb1-78a99b886b29
89411188-e3ec-4273-9021-6c4c8d8fd456,262590a9-146c-4e08-a937-07459a086d63
89411188-e3ec-4273-9021-6c4c8d8fd456,9f3b78a7-815d-45f9-85da-6ba4e60fb333
895591a2-c075-4faf-8c77-9b6769eb3ed4,75259b7c-bb19-432a-b7b7-07f7d5e269de
895591a2-c075-4faf-8c77-9b6769eb3ed4,93e369d3-8159-45c3-9aa6-334af0502250
895591a2-c075-4faf-8c77-9b6769eb3ed4,e6f06d91-c8fd-491d-9a5d-7a49aec7e2cd
89d60a18-d531-4bc7-9fc6-1604cb50e586,2d523025-45b9-47d9-9e61-636a753a32a5
89d60a18-d531-4bc7-9fc6-1604cb50e586,d333f155-d66a-44f3-bb8c-443a989a2147
8a2c9fcc-d6a2-4cc4-87ac-031e622db58d,1b392cad-3abc-4776-bbb1-78a99b886b29
8a2c9fcc-d6a2-4cc4-87ac-031e622db58d,262590a9-146c-4e08-a937-07459a086d63
8a2c9fcc-d6a2-4cc4-87ac-031e622db58d,9f3b78a7-815d-45f9-85da-6ba4e60fb333
8a6403ce-54d2-4fa3-9914-3ac9902cb92b,e6f06d91-c8fd-491d-9a5d-7a49aec7e2cd
8b69f6f9-d0f8-4baa-8b11-f7c34519a4eb,2d523025-45b9-47d9-9e61-636a753a32a5
8b69f6f9-d0f8-4baa-8b11-f7c34519a4eb,70f028c8-c00d-4cbd-8127-7237eff2ab65
8b69f6f9-d0f8-4baa-8b11-f7c34519a4eb,a34f32ba-e445-413e-999b-8c31e2a9b6fc
8c3af1c1-b5f0-4cda-974e-5fd2af961094,12242c80-7e87-4a3a-9089-eb09e16aac1f
8c3af1c1-b5f0-4cda-974e-5fd2af961094,38b0a4bd-67ee-48e8-8db9-067e7c1667bb
8c3af1c1-b5f0-4cda-974e-5fd2af961094,f5a7403b-bb8d-460b-8d3b-b673d8e3bf71
8cf71d0e-5390-408c-afc0-d35b0f916f03,11d5185c-c6d8-4193-b6d9-dea2e0336b8f
8cf71d0e-5390-408c-afc0-d35b0f916f03,41bd5650-da11-4750-b70f-01500ef0a54b
8cf71d0e-5390-408c-afc0-d35b0f916f03,6a50bebb-6b44-45ab-b9f8-c0deb75d484e
8cf71d0e-5390-408c-afc0-d35b0f916f03,d333f155-d66a-44f3-bb8c-443a989a2147
8cf71d0e-5390-408c-afc0-d35b0f916f03,f5a7403b-bb8d-460b-8d3b-b673d8e3bf71
8cfd7fb0-19e8-4d5a-b3f8-2a5841aaac64,6a50bebb-6b44-45ab-b9f8-c0deb75d484e
8d8effd6-7045-4ee8-989c-036db6be4ea3,1b392cad-3abc-4776-bbb1-78a99b886b29
8d8effd6-7045-4ee8-989c-036db6be4ea3,262590a9-146c-4e08-a937-07459a086d63
8d8effd6-7045-4ee8-989c-036db6be4ea3,9f3b78a7-815d-45f9-85da-6ba4e60fb333
8db6093c-0848-4823-bb9b-e3d44f844f55,11d5185c-c6d8-4193-b6d9-dea2e0336b8f
8db6093c-0848-4823-bb9b-e3d44f844f55,41bd5650-da11-4750-b70f-01500ef0a54b
8db6093c-0848-4823-bb9b-e3d44f844f55,6a50bebb-6b44-45ab-b9f8-c0deb75d484e
8db6093c-0848-4823-bb9b-e3d44f844f55,d333f155-d66a-44f3-bb8c-443a989a2147
8db6093c-0848-4823-bb9b-e3d44f844f55,f5a7403b-bb8d-460b-8d3b-b673d8e3bf71
8ef3f28f-fb5b-40ac-9f29-df82186fb78c,ef09c4d8-08b7-44bc-b6d7-a0c1cec73111
8ef3f28f-fb5b-40ac-9f29-df82186fb78c,f2f4d531-46dd-40f0-a536-dde36529164d
902976d5-0f45-4a8a-b385-8d6c94df2888,6a50bebb-6b44-45ab-b9f8-c0deb75d484e
902976d5-0f45-4a8a-b385-8d6c94df2888,a34f32ba-e445-413e-999b-8c31e2a9b6fc
902976d5-0f45-4a8a-b385-8d6c94df2888,d333f155-d66a-44f3-bb8c-443a989a2147
91e0ce1c-7cc9-450f-b188-3a892e9640fc,2d523025-45b9-47d9-9e61-636a753a32a5
91e0ce1c-7cc9-450f-b188-3a892e9640fc,a34f32ba-e445-413e-999b-8c31e2a9b6fc
934f2bc5-1911-4678-9619-563d30dc484e,0e6b0816-e95b-4bca-8b55-bfa61e3a9519
934f2bc5-1911-4678-9619-563d30dc484e,2d523025-45b9-47d9-9e61-636a753a32a5
934f2bc5-1911-4678-9619-563d30dc484e,70f028c8-c00d-4cbd-8127-7237eff2ab65
93bb26e2-3115-4ba0-a6db-d494f415fe04,2d523025-45b9-47d9-9e61-636a753a32a5
93bb26e2-3115-4ba0-a6db-d494f415fe04,41bd5650-da11-4750-b70f-01500ef0a54b
93bb26e2-3115-4ba0-a6db-d494f415fe04,e6f06d91-c8fd-491d-9a5d-7a49aec7e2cd
948c25b6-2d40-4a3d-9ab7-1d3ddebc22b1,5a8f409d-39f6-4deb-9b52-7a02012e79e7
948c25b6-2d40-4a3d-9ab7-1d3ddebc22b1,8667f284-a276-41c8-ae4d-a707228e1417
948c25b6-2d40-4a3d-9ab7-1d3ddebc22b1,d95cac73-ce81-40ae-9661-c7ad3d36bcf0
95b25f75-3901-42ab-aeae-f905b4dd51f7,1b392cad-3abc-4776-bbb1-78a99b886b29
95b25f75-3901-42ab-aeae-f905b4dd51f7,262590a9-146c-4e08-a937-07459a086d63
95b25f75-3901-42ab-aeae-f905b4dd51f7,9f3b78a7-815d-45f9-85da-6ba4e60fb333
968a492b-8c08-484b-be53-e245f0d54f04,1467dbfb-e821-429e-8d38-70e799523bb3
968a492b-8c08-484b-be53-e245f0d54f04,57c41d9d-b2c9-4879-b4ec-10eeac1319c7
968a492b-8c08-484b-be53-e245f0d54f04,5f7a9f5d-554d-45a4-8095-97e2f17d2d4b
968a492b-8c08-484b-be53-e245f0d54f04,7baf62c4-1875-464b-a6ca-380108b4ff35
968a492b-8c08-484b-be53-e245f0d54f04,887a5ef2-85af-4c9c-bd2c-7152ce0f3e17
96943fd5-c225-4eb9-9487-64ecc9b83be2,0e6b0816-e95b-4bca-8b55-bfa61e3a9519
96943fd5-c225-4eb9-9487-64ecc9b83be2,41bd5650-da11-4750-b70f-01500ef0a54b
96943fd5-c225-4eb9-9487-64ecc9b83be2,d333f155-d66a-44f3-bb8c-443a989a2147
96d54f82-4425-479b-8238-3048ef0e0c42,22899b3a-873f-4c96-b326-a3164026da0e
96d54f82-4425-479b-8238-3048ef0e0c42,40e882c1-782c-4149-8cf7-aa975b6c01d7
970780ec-3992-456c-b1c5-06b12b5a0a1e,1b392cad-3abc-4776-bbb1-78a99b886b29
970780ec-3992-456c-b1c5-06b12b5a0a1e,262590a9-146c-4e08-a937-07459a086d63
970780ec-3992-456c-b1c5-06b12b5a0a1e,9f3b78a7-815d-45f9-85da-6ba4e60fb333
986c244c-4d59-457a-aa8b-a18f4738ff7e,5b156a4b-16f1-4f49-90e6-051fce80de3f
986c244c-4d59-457a-aa8b-a18f4738ff7e,e6f06d91-c8fd-491d-9a5d-7a49aec7e2cd
98c9d1f0-6abb-4bcb-b938-43dffd403871,1b392cad-3abc-4776-bbb1-78a99b886b29
98c9d1f0-6abb-4bcb-b938-43dffd403871,262590a9-146c-4e08-a937-07459a086d63
98c9d1f0-6abb-4bcb-b938-43dffd403871,9f3b78a7-815d-45f9-85da-6ba4e60fb333
98ce8246-963f-4e06-af05-3111177221d2,54c60844-91c5-4f16-875e-e5c0382aec1a
98ce8246-963f-4e06-af05-3111177221d2,c8527017-e00b-4771-a39c-8a43ab121796
99524326-e554-4306-9104-3ed8a06a40ba,6a50bebb-6b44-45ab-b9f8-c0deb75d484e
99524326-e554-4306-9104-3ed8a06a40ba,70f028c8-c00d-4cbd-8127-7237eff2ab65
9965c0e3-2400-46ae-bdfe-cab1444de54b,2f17a536-4865-4f78-a2de-f9cd02e3c858
9965c0e3-2400-46ae-bdfe-cab1444de54b,38b0a4bd-67ee-48e8-8db9-067e7c1667bb
9a24f941-d25f-45c1-9360-8c8627fb6e83,45ddeb85-18d5-4359-987a-f1e1cd9171c5
9a24f941-d25f-45c1-9360-8c8627fb6e83,5a8f409d-39f6-4deb-9b52-7a02012e79e7
9a24f941-d25f-45c1-9360-8c8627fb6e83,8667f284-a276-41c8-ae4d-a707228e1417
9a24f941-d25f-45c1-9360-8c8627fb6e83,d95cac73-ce81-40ae-9661-c7ad3d36bcf0
9a88a0ad-a2ac-424b-a4d2-f7ad76a84304,54c60844-91c5-4f16-875e-e5c0382aec1a
9af383fb-d75d-4d5e-ac70-84dc15a9fc12,e6f06d91-c8fd-491d-9a5d-7a49aec7e2cd
9b077177-574d-4bc5-b048-19251435274f,5a8f409d-39f6-4deb-9b52-7a02012e79e7
9b077177-574d-4bc5-b048-19251435274f,8667f284-a276-41c8-ae4d-a707228e1417
9b077177-574d-4bc5-b048-19251435274f,d95cac73-ce81-40ae-9661-c7ad3d36bcf0
9c1a7ab3-78e4-4be4-8b2d-719adda23594,1467dbfb-e821-429e-8d38-70e799523bb3
9c1a7ab3-78e4-4be4-8b2d-719adda23594,57c41d9d-b2c9-4879-b4ec-10eeac1319c7
9c1a7ab3-78e4-4be4-8b2d-719adda23594,5f7a9f5d-554d-45a4-8095-97e2f17d2d4b
9c1a7ab3-78e4-4be4-8b2d-719adda23594,7baf62c4-1875-464b-a6ca-380108b4ff35
9c1a7ab3-78e4-4be4-8b2d-719adda23594,887a5ef2-85af-4c9c-bd2c-7152ce0f3e17
9c9dd48a-5386-4a1b-84fa-5cecec51ff38,38b0a4bd-67ee-48e8-8db9-067e7c1667bb
9c9dd48a-5386-4a1b-84fa-5cecec51ff38,5b156a4b-16f1-4f49-90e6-051fce80de3f
9fa879d3-a095-44a2-996b-2f82394e8924,0e6b0816-e95b-4bca-8b55-bfa61e3a9519
9fa879d3-a095-44a2-996b-2f82394e8924,41bd5650-da11-4750-b70f-01500ef0a54b
9fa879d3-a095-44a2-996b-2f82394e8924,a34f32ba-e445-413e-999b-8c31e2a9b6fc
9fe6477f-a499-4e07-9862-f96059c28999,d333f155-d66a-44f3-bb8c-443a989a2147
a096c3ab-bf86-4217-a4ac-b8c7faa9ea97,38b0a4bd-67ee-48e8-8db9-067e7c1667bb
a096c3ab-bf86-4217-a4ac-b8c7faa9ea97,be02175b-8eb2-44fa-8ee0-add15a5138db
a0af1336-8a0e-4208-88cc-59fe766a4b72,41bd5650-da11-4750-b70f-01500ef0a54b
a0af1336-8a0e-4208-88cc-59fe766a4b72,a34f32ba-e445-413e-999b-8c31e2a9b6fc
a0f5fce0-36ae-4068-9dbf-80165deb9439,11d5185c-c6d8-4193-b6d9-dea2e0336b8f
a0f5fce0-36ae-4068-9dbf-80165deb9439,41bd5650-da11-4750-b70f-01500ef0a54b
a0f5fce0-36ae-4068-9dbf-80165deb9439,6a50bebb-6b44-45ab-b9f8-c0deb75d484e
a0f5fce0-36ae-4068-9dbf-80165deb9439,d333f155-d66a-44f3-bb8c-443a989a2147
a0f5fce0-36ae-4068-9dbf-80165deb9439,f5a7403b-bb8d-460b-8d3b-b673d8e3bf71
a1480d60-21b2-4c7e-a4c2-b1b7227e87ed,54c60844-91c5-4f16-875e-e5c0382aec1a
a1480d60-21b2-4c7e-a4c2-b1b7227e87ed,c8527017-e00b-4771-a39c-8a43ab121796
a1e6f5c9-7041-4bc3-b9e2-b1542469509f,08a18e22-3e53-4e1f-8535-9b3599e2fc0b
a1e6f5c9-7041-4bc3-b9e2-b1542469509f,215a5f8f-06e1-4158-9721-e6008784fdd7
a1e6f5c9-7041-4bc3-b9e2-b1542469509f,40e882c1-782c-4149-8cf7-aa975b6c01d7
a1e6f5c9-7041-4bc3-b9e2-b1542469509f,a7f43594-640b-4fc9-8df5-a52985453583
a2ca6f13-5dc6-4d3c-9ca9-33dfb8deb5d4,2d523025-45b9-47d9-9e61-636a753a32a5
a2ca6f13-5dc6-4d3c-9ca9-33dfb8deb5d4,e6f06d91-c8fd-491d-9a5d-7a49aec7e2cd
a475f9d2-6252-4289-af18-97d242f42a71,6a50bebb-6b44-45ab-b9f8-c0deb75d484e
a4eaef36-0e75-4812-8abc-5a82272586b3,2d523025-45b9-47d9-9e61-636a753a32a5
a4eaef36-0e75-4812-8abc-5a82272586b3,45ddeb85-18d5-4359-987a-f1e1cd9171c5
a4eaef36-0e75-4812-8abc-5a82272586b3,70f028c8-c00d-4cbd-8127-7237eff2ab65
a4eaef36-0e75-4812-8abc-5a82272586b3,e6f06d91-c8fd-491d-9a5d-7a49aec7e2cd
a6a751da-b91f-4820-a206-35d6fa32dc8c,1b392cad-3abc-4776-bbb1-78a99b886b29
a6a751da-b91f-4820-a206-35d6fa32dc8c,262590a9-146c-4e08-a937-07459a086d63
a6a751da-b91f-4820-a206-35d6fa32dc8c,9f3b78a7-815d-45f9-85da-6ba4e60fb333
a731184f-93d6-40c0-8fd3-5688b379a177,1467dbfb-e821-429e-8d38-70e799523bb3
a731184f-93d6-40c0-8fd3-5688b379a177,57c41d9d-b2c9-4879-b4ec-10eeac1319c7
a731184f-93d6-40c0-8fd3-5688b379a177,5f7a9f5d-554d-45a4-8095-97e2f17d2d4b
a731184f-93d6-40c0-8fd3-5688b379a177,7baf62c4-1875-464b-a6ca-380108b4ff35
a731184f-93d6-40c0-8fd3-5688b379a177,887a5ef2-85af-4c9c-bd2c-7152ce0f3e17
a8a1f1e1-b03b-4022-a661-0ed582127ea5,a34f32ba-e445-413e-999b-8c31e2a9b6fc
a8a1f1e1-b03b-4022-a661-0ed582127ea5,e6f06d91-c8fd-491d-9a5d-7a49aec7e2cd
a9d3a055-8219-4e8c-9d9b-ad03bc6ffb57,2ad6fc76-cf04-4765-a388-cd1ba564d7e8
a9d3a055-8219-4e8c-9d9b-ad03bc6ffb57,7baf62c4-1875-464b-a6ca-380108b4ff35
aabf2b87-b00f-4c70-a5a0-23f28b027fed,38b0a4bd-67ee-48e8-8db9-067e7c1667bb
ab3d83c8-3120-4812-a7c3-a5da8f1627e3,22899b3a-873f-4c96-b326-a3164026da0e
ab3d83c8-3120-4812-a7c3-a5da8f1627e3,a8ccae1a-9c4b-415b-8256-cc8889bde57b
ab3d83c8-3120-4812-a7c3-a5da8f1627e3,d333f155-d66a-44f3-bb8c-443a989a2147
ac2390f8-2e3d-4974-96d2-3c1ec707b22e,1467dbfb-e821-429e-8d38-70e799523bb3
ac2390f8-2e3d-4974-96d2-3c1ec707b22e,57c41d9d-b2c9-4879-b4ec-10eeac1319c7
ac2390f8-2e3d-4974-96d2-3c1ec707b22e,5f7a9f5d-554d-45a4-8095-97e2f17d2d4b
ac2390f8-2e3d-4974-96d2-3c1ec707b22e,7baf62c4-1875-464b-a6ca-380108b4ff35
ac2390f8-2e3d-4974-96d2-3c1ec707b22e,887a5ef2-85af-4c9c-bd2c-7152ce0f3e17
adc133e7-4aa1-4239-983f-0e1c036c4200,1467dbfb-e821-429e-8d38-70e799523bb3
adc133e7-4aa1-4239-983f-0e1c036c4200,57c41d9d-b2c9-4879-b4ec-10eeac1319c7
adc133e7-4aa1-4239-983f-0e1c036c4200,5f7a9f5d-554d-45a4-8095-97e2f17d2d4b
adc133e7-4aa1-4239-983f-0e1c036c4200,7baf62c4-1875-464b-a6ca-380108b4ff35
adc133e7-4aa1-4239-983f-0e1c036c4200,887a5ef2-85af-4c9c-bd2c-7152ce0f3e17
aec66443-14ab-4dd3-bb0c-35f16fa3eee9,12242c80-7e87-4a3a-9089-eb09e16aac1f
aec66443-14ab-4dd3-bb0c-35f16fa3eee9,38b0a4bd-67ee-48e8-8db9-067e7c1667bb
aec66443-14ab-4dd3-bb0c-35f16fa3eee9,f5a7403b-bb8d-460b-8d3b-b673d8e3bf71
aee8d751-5384-4854-abe7-356c7d38c074,1467dbfb-e821-429e-8d38-70e799523bb3
aee8d751-5384-4854-abe7-356c7d38c074,57c41d9d-b2c9-4879-b4ec-10eeac1319c7
aee8d751-5384-4854-abe7-356c7d38c074,5f7a9f5d-554d-45a4-8095-97e2f17d2d4b
aee8d751-5384-4854-abe7-356c7d38c074,7baf62c4-1875-464b-a6ca-380108b4ff35
aee8d751-5384-4854-abe7-356c7d38c074,887a5ef2-85af-4c9c-bd2c-7152ce0f3e17
af70248b-91fe-4541-be51-6ad518eb9ec7,ac9a3cf9-4109-48ce-bb7a-c8f1ae6a83cb
af70248b-91fe-4541-be51-6ad518eb9ec7,d644742e-505e-4d3d-8af1-b50fe2293bd8
af70248b-91fe-4541-be51-6ad518eb9ec7,e6f06d91-c8fd-491d-9a5d-7a49aec7e2cd
af78b4d7-8868-43d5-b0de-a69fa644a598,12242c80-7e87-4a3a-9089-eb09e16aac1f
af78b4d7-8868-43d5-b0de-a69fa644a598,38b0a4bd-67ee-48e8-8db9-067e7c1667bb
af78b4d7-8868-43d5-b0de-a69fa644a598,f5a7403b-bb8d-460b-8d3b-b673d8e3bf71
afce8adf-1722-477f-bcdc-4b72e8b78acc,f2f4d531-46dd-40f0-a536-dde36529164d
b08a6b5b-647e-4aa3-b791-3cb404b65f4f,54c60844-91c5-4f16-875e-e5c0382aec1a
b08a6b5b-647e-4aa3-b791-3cb404b65f4f,c8527017-e00b-4771-a39c-8a43ab121796
b0b63b06-4410-4332-8905-00c7167b4713,ac9a3cf9-4109-48ce-bb7a-c8f1ae6a83cb
b0b63b06-4410-4332-8905-00c7167b4713,d644742e-505e-4d3d-8af1-b50fe2293bd8
b0b63b06-4410-4332-8905-00c7167b4713,e6f06d91-c8fd-491d-9a5d-7a49aec7e2cd
b13ac356-bb2e-4655-a8a3-9fcaa708c031,1b392cad-3abc-4776-bbb1-78a99b886b29
b13ac356-bb2e-4655-a8a3-9fcaa708c031,262590a9-146c-4e08-a937-07459a086d63
b13ac356-bb2e-4655-a8a3-9fcaa708c031,9f3b78a7-815d-45f9-85da-6ba4e60fb333
b1d72b14-3c34-4d29-a5c9-0e4c9780c9d5,1467dbfb-e821-429e-8d38-70e799523bb3
b1d72b14-3c34-4d29-a5c9-0e4c9780c9d5,57c41d9d-b2c9-4879-b4ec-10eeac1319c7
b1d72b14-3c34-4d29-a5c9-0e4c9780c9d5,5f7a9f5d-554d-45a4-8095-97e2f17d2d4b
b1d72b14-3c34-4d29-a5c9-0e4c9780c9d5,7baf62c4-1875-464b-a6ca-380108b4ff35
b1d72b14-3c34-4d29-a5c9-0e4c9780c9d5,887a5ef2-85af-4c9c-bd2c-7152ce0f3e17
b20efcb4-e499-496e-8907-7b88690f5f4a,2d523025-45b9-47d9-9e61-636a753a32a5
b20efcb4-e499-496e-8907-7b88690f5f4a,6a50bebb-6b44-45ab-b9f8-c0deb75d484e
b22a67ec-5456-4e7a-848f-bac6ea8409ea,0e6b0816-e95b-4bca-8b55-bfa61e3a9519
b22a67ec-5456-4e7a-848f-bac6ea8409ea,6a50bebb-6b44-45ab-b9f8-c0deb75d484e
b22a67ec-5456-4e7a-848f-bac6ea8409ea,70f028c8-c00d-4cbd-8127-7237eff2ab65
b3308fd6-e7fb-4749-aaa1-afa2b939d48c,45ddeb85-18d5-4359-987a-f1e1cd9171c5
b3308fd6-e7fb-4749-aaa1-afa2b939d48c,75259b7c-bb19-432a-b7b7-07f7d5e269de
b3308fd6-e7fb-4749-aaa1-afa2b939d48c,93e369d3-8159-45c3-9aa6-334af0502250
b3308fd6-e7fb-4749-aaa1-afa2b939d48c,e6f06d91-c8fd-491d-9a5d-7a49aec7e2cd
b36cc217-9b8b-49df-96ac-79e887a7a0aa,0e6b0816-e95b-4bca-8b55-bfa61e3a9519
b36cc217-9b8b-49df-96ac-79e887a7a0aa,652c2aa1-29f4-4cdd-9639-1cab46b39caa
b36cc217-9b8b-49df-96ac-79e887a7a0aa,6a50bebb-6b44-45ab-b9f8-c0deb75d484e
b3d07a00-54d4-443e-a8dd-144d3cd1735f,e6d536de-22c9-427d-8b30-1067a4fd216f
b48cdc49-61ba-4b7e-a61f-d891a6c8b4b5,5a8f409d-39f6-4deb-9b52-7a02012e79e7
b48cdc49-61ba-4b7e-a61f-d891a6c8b4b5,8667f284-a276-41c8-ae4d-a707228e1417
b48cdc49-61ba-4b7e-a61f-d891a6c8b4b5,d95cac73-ce81-40ae-9661-c7ad3d36bcf0
b5d84e84-99b6-4bad-b8dc-2c5c3889abc3,1467dbfb-e821-429e-8d38-70e799523bb3
b5d84e84-99b6-4bad-b8dc-2c5c3889abc3,57c41d9d-b2c9-4879-b4ec-10eeac1319c7
b5d84e84-99b6-4bad-b8dc-2c5c3889abc3,5f7a9f5d-554d-45a4-8095-97e2f17d2d4b
b5d84e84-99b6-4bad-b8dc-2c5c3889abc3,7baf62c4-1875-464b-a6ca-380108b4ff35
b5d84e84-99b6-4bad-b8dc-2c5c3889abc3,887a5ef2-85af-4c9c-bd2c-7152ce0f3e17
b6ad8367-6640-44c9-be05-fb3647daa999,70f028c8-c00d-4cbd-8127-7237eff2ab65
b6ad8367-6640-44c9-be05-fb3647daa999,e6f06d91-c8fd-491d-9a5d-7a49aec7e2cd
b79d5e0b-0a43-42e6-ae74-e8e5e1d5640c,12242c80-7e87-4a3a-9089-eb09e16aac1f
b79d5e0b-0a43-42e6-ae74-e8e5e1d5640c,38b0a4bd-67ee-48e8-8db9-067e7c1667bb
b79d5e0b-0a43-42e6-ae74-e8e5e1d5640c,f5a7403b-bb8d-460b-8d3b-b673d8e3bf71
b7c3ef92-430b-4b3d-a85e-335af8d7000f,0e6b0816-e95b-4bca-8b55-bfa61e3a9519
b7c3ef92-430b-4b3d-a85e-335af8d7000f,652c2aa1-29f4-4cdd-9639-1cab46b39caa
b8046ec9-4cd8-4840-b55b-425690c71195,ef09c4d8-08b7-44bc-b6d7-a0c1cec73111
ba401153-a203-4d3c-97bc-6657669fcfd2,12242c80-7e87-4a3a-9089-eb09e16aac1f
ba401153-a203-4d3c-97bc-6657669fcfd2,38b0a4bd-67ee-48e8-8db9-067e7c1667bb
ba401153-a203-4d3c-97bc-6657669fcfd2,f5a7403b-bb8d-460b-8d3b-b673d8e3bf71
ba4ff860-8003-477b-b987-1e482e31424f,ac9a3cf9-4109-48ce-bb7a-c8f1ae6a83cb
ba4ff860-8003-477b-b987-1e482e31424f,d644742e-505e-4d3d-8af1-b50fe2293bd8
ba4ff860-8003-477b-b987-1e482e31424f,e6f06d91-c8fd-491d-9a5d-7a49aec7e2cd
bb1fbdd7-ffdd-4961-abb1-237a83bf56f7,28754c79-c0bf-4dbb-9f89-45d83e54fb50
bb1fbdd7-ffdd-4961-abb1-237a83bf56f7,e6d536de-22c9-427d-8b30-1067a4fd216f
bc0088d9-6cc7-4054-a197-da3345ffb276,ef09c4d8-08b7-44bc-b6d7-a0c1cec73111
bc10eda1-7c9a-473c-a1b5-0be86b966815,1467dbfb-e821-429e-8d38-70e799523bb3
bc10eda1-7c9a-473c-a1b5-0be86b966815,57c41d9d-b2c9-4879-b4ec-10eeac1319c7
bc10eda1-7c9a-473c-a1b5-0be86b966815,5f7a9f5d-554d-45a4-8095-97e2f17d2d4b
bc10eda1-7c9a-473c-a1b5-0be86b966815,7baf62c4-1875-464b-a6ca-380108b4ff35
bc10eda1-7c9a-473c-a1b5-0be86b966815,887a5ef2-85af-4c9c-bd2c-7152ce0f3e17
bd8f548a-3cd5-4846-9aff-ff4cf930ac29,75259b7c-bb19-432a-b7b7-07f7d5e269de
bd8f548a-3cd5-4846-9aff-ff4cf930ac29,93e369d3-8159-45c3-9aa6-334af0502250
bd8f548a-3cd5-4846-9aff-ff4cf930ac29,e6f06d91-c8fd-491d-9a5d-7a49aec7e2cd
bd97266d-7b7a-4c3b-a1d3-954cbce5d01e,03e698b4-d400-4054-ba3b-f9adf23ba077
bdffa3f1-47ac-447d-ab0d-9460e8658585,11d5185c-c6d8-4193-b6d9-dea2e0336b8f
bdffa3f1-47ac-447d-ab0d-9460e8658585,41bd5650-da11-4750-b70f-01500ef0a54b
bdffa3f1-47ac-447d-ab0d-9460e8658585,6a50bebb-6b44-45ab-b9f8-c0deb75d484e
bdffa3f1-47ac-447d-ab0d-9460e8658585,d333f155-d66a-44f3-bb8c-443a989a2147
bdffa3f1-47ac-447d-ab0d-9460e8658585,f5a7403b-bb8d-460b-8d3b-b673d8e3bf71
bed6105d-a151-43cc-b713-a3715c85b712,11d5185c-c6d8-4193-b6d9-dea2e0336b8f
bed6105d-a151-43cc-b713-a3715c85b712,41bd5650-da11-4750-b70f-01500ef0a54b
bed6105d-a151-43cc-b713-a3715c85b712,6a50bebb-6b44-45ab-b9f8-c0deb75d484e
bed6105d-a151-43cc-b713-a3715c85b712,d333f155-d66a-44f3-bb8c-443a989a2147
bed6105d-a151-43cc-b713-a3715c85b712,f5a7403b-bb8d-460b-8d3b-b673d8e3bf71
bf9c7ee9-a470-4826-a42c-852271d85dac,6a50bebb-6b44-45ab-b9f8-c0deb75d484e
bf9c7ee9-a470-4826-a42c-852271d85dac,70f028c8-c00d-4cbd-8127-7237eff2ab65
bf9c7ee9-a470-4826-a42c-852271d85dac,e6f06d91-c8fd-491d-9a5d-7a49aec7e2cd
bfa52435-215f-436d-9743-dbfdbe7f986b,54c60844-91c5-4f16-875e-e5c0382aec1a
bfa52435-215f-436d-9743-dbfdbe7f986b,c8527017-e00b-4771-a39c-8a43ab121796
bfa69473-c007-460c-9cfe-7ea32bfadfed,1b392cad-3abc-4776-bbb1-78a99b886b29
bfa69473-c007-460c-9cfe-7ea32bfadfed,262590a9-146c-4e08-a937-07459a086d63
bfa69473-c007-460c-9cfe-7ea32bfadfed,9f3b78a7-815d-45f9-85da-6ba4e60fb333
c0494c63-45a0-4d33-9726-f66a6c13b3c7,1b392cad-3abc-4776-bbb1-78a99b886b29
c0494c63-45a0-4d33-9726-f66a6c13b3c7,70f028c8-c00d-4cbd-8127-7237eff2ab65
c1ba78d0-13da-475b-809b-574932e46ee4,ac9a3cf9-4109-48ce-bb7a-c8f1ae6a83cb
c1ba78d0-13da-475b-809b-574932e46ee4,d644742e-505e-4d3d-8af1-b50fe2293bd8
c1ba78d0-13da-475b-809b-574932e46ee4,e6f06d91-c8fd-491d-9a5d-7a49aec7e2cd
c334a8a4-988d-4354-9c14-39c5ea7a4c54,e6f06d91-c8fd-491d-9a5d-7a49aec7e2cd
c3db2e8e-6b48-4373-94b4-9860bc7d63c1,54c60844-91c5-4f16-875e-e5c0382aec1a
c3db2e8e-6b48-4373-94b4-9860bc7d63c1,c8527017-e00b-4771-a39c-8a43ab121796
c40d8cdf-0193-40f6-8098-3d23b6e3503b,41bd5650-da11-4750-b70f-01500ef0a54b
c40d8cdf-0193-40f6-8098-3d23b6e3503b,f2f4d531-46dd-40f0-a536-dde36529164d
c45182a5-de5f-4cf1-9018-fa511d65b60a,2d523025-45b9-47d9-9e61-636a753a32a5
c475976f-48a1-4081-850f-db10550d77fa,78db0fd8-37e9-4fc1-800b-f26221f21008
c475976f-48a1-4081-850f-db10550d77fa,a023cd3c-63d0-49cb-bd1b-1af5252d8d34
c475976f-48a1-4081-850f-db10550d77fa,d333f155-d66a-44f3-bb8c-443a989a2147
c4cc3101-4ba9-4e5a-80be-885e3af6992e,652c2aa1-29f4-4cdd-9639-1cab46b39caa
c4cc3101-4ba9-4e5a-80be-885e3af6992e,6a50bebb-6b44-45ab-b9f8-c0deb75d484e
c54ec6ca-5ae3-420b-ba5e-9d53bdcb87e0,6a50bebb-6b44-45ab-b9f8-c0deb75d484e
c56d7133-f6ff-4ab2-95ba-f7f03611bb39,a8ccae1a-9c4b-415b-8256-cc8889bde57b
c903f87d-df4a-449f-aeb0-0ae073728cd4,11d5185c-c6d8-4193-b6d9-dea2e0336b8f
c903f87d-df4a-449f-aeb0-0ae073728cd4,41bd5650-da11-4750-b70f-01500ef0a54b
c903f87d-df4a-449f-aeb0-0ae073728cd4,6a50bebb-6b44-45ab-b9f8-c0deb75d484e
c903f87d-df4a-449f-aeb0-0ae073728cd4,d333f155-d66a-44f3-bb8c-443a989a2147
c903f87d-df4a-449f-aeb0-0ae073728cd4,f5a7403b-bb8d-460b-8d3b-b673d8e3bf71
c9465472-2a6a-4245-b855-a987c10bd2e7,78db0fd8-37e9-4fc1-800b-f26221f21008
c9465472-2a6a-4245-b855-a987c10bd2e7,a023cd3c-63d0-49cb-bd1b-1af5252d8d34
c9465472-2a6a-4245-b855-a987c10bd2e7,d333f155-d66a-44f3-bb8c-443a989a2147
ca3276e6-d405-41cc-ab0b-327ec78e7909,78db0fd8-37e9-4fc1-800b-f26221f21008
ca3276e6-d405-41cc-ab0b-327ec78e7909,a023cd3c-63d0-49cb-bd1b-1af5252d8d34
ca3276e6-d405-41cc-ab0b-327ec78e7909,d333f155-d66a-44f3-bb8c-443a989a2147
ca85f5aa-73aa-430a-a4cb-320008b8004e,6a50bebb-6b44-45ab-b9f8-c0deb75d484e
ca85f5aa-73aa-430a-a4cb-320008b8004e,a34f32ba-e445-413e-999b-8c31e2a9b6fc
cb1f620f-34a4-41d4-a758-363ea5aca88d,2d523025-45b9-47d9-9e61-636a753a32a5
cb1f620f-34a4-41d4-a758-363ea5aca88d,41bd5650-da11-4750-b70f-01500ef0a54b
cb1f620f-34a4-41d4-a758-363ea5aca88d,6a50bebb-6b44-45ab-b9f8-c0deb75d484e
cb525e2b-3ef9-4dc4-876f-271b395f55cf,ac9a3cf9-4109-48ce-bb7a-c8f1ae6a83cb
cb525e2b-3ef9-4dc4-876f-271b395f55cf,d644742e-505e-4d3d-8af1-b50fe2293bd8
cb525e2b-3ef9-4dc4-876f-271b395f55cf,e6f06d91-c8fd-491d-9a5d-7a49aec7e2cd
cc2bc4d0-234b-4b1a-94ea-470c86175eff,22899b3a-873f-4c96-b326-a3164026da0e
cc2bc4d0-234b-4b1a-94ea-470c86175eff,40e882c1-782c-4149-8cf7-aa975b6c01d7
cc8dbbbd-3e61-426f-98e9-0efcfc7af91e,1b392cad-3abc-4776-bbb1-78a99b886b29
cd756be4-72e1-4be4-a5fe-6711f5290942,0e6b0816-e95b-4bca-8b55-bfa61e3a9519
cd7d7548-f9bf-4a30-b08b-1578429670a8,1467dbfb-e821-429e-8d38-70e799523bb3
cd7d7548-f9bf-4a30-b08b-1578429670a8,57c41d9d-b2c9-4879-b4ec-10eeac1319c7
cd7d7548-f9bf-4a30-b08b-1578429670a8,5f7a9f5d-554d-45a4-8095-97e2f17d2d4b
cd7d7548-f9bf-4a30-b08b-1578429670a8,7baf62c4-1875-464b-a6ca-380108b4ff35
cd7d7548-f9bf-4a30-b08b-1578429670a8,887a5ef2-85af-4c9c-bd2c-7152ce0f3e17
cda5a07d-ebce-4a1b-b34f-953f3ad668db,78db0fd8-37e9-4fc1-800b-f26221f21008
cda5a07d-ebce-4a1b-b34f-953f3ad668db,a023cd3c-63d0-49cb-bd1b-1af5252d8d34
cda5a07d-ebce-4a1b-b34f-953f3ad668db,d333f155-d66a-44f3-bb8c-443a989a2147
ce291f42-fa02-45ef-842d-04310d74a733,12242c80-7e87-4a3a-9089-eb09e16aac1f
ce291f42-fa02-45ef-842d-04310d74a733,38b0a4bd-67ee-48e8-8db9-067e7c1667bb
ce291f42-fa02-45ef-842d-04310d74a733,f5a7403b-bb8d-460b-8d3b-b673d8e3bf71
cf421489-fd55-4775-8121-1cc633022c2c,1b392cad-3abc-4776-bbb1-78a99b886b29
d1871ab1-15ba-4407-84cc-93fee2c7c555,38b0a4bd-67ee-48e8-8db9-067e7c1667bb
d1889cad-710d-43df-a3b2-12ca8952bbbb,75259b7c-bb19-432a-b7b7-07f7d5e269de
d1889cad-710d-43df-a3b2-12ca8952bbbb,93e369d3-8159-45c3-9aa6-334af0502250
d1889cad-710d-43df-a3b2-12ca8952bbbb,e6f06d91-c8fd-491d-9a5d-7a49aec7e2cd
d2707903-2037-4788-9db7-292b24c1a317,12242c80-7e87-4a3a-9089-eb09e16aac1f
d2707903-2037-4788-9db7-292b24c1a317,38b0a4bd-67ee-48e8-8db9-067e7c1667bb
d2707903-2037-4788-9db7-292b24c1a317,f5a7403b-bb8d-460b-8d3b-b673d8e3bf71
d3c30489-7451-4036-b0c8-220e5ebb31e4,45ddeb85-18d5-4359-987a-f1e1cd9171c5
d3c30489-7451-4036-b0c8-220e5ebb31e4,e6f06d91-c8fd-491d-9a5d-7a49aec7e2cd
d45fc58a-68e0-4aae-8196-e290b45f4495,1b392cad-3abc-4776-bbb1-78a99b886b29
d45fc58a-68e0-4aae-8196-e290b45f4495,262590a9-146c-4e08-a937-07459a086d63
d45fc58a-68e0-4aae-8196-e290b45f4495,9f3b78a7-815d-45f9-85da-6ba4e60fb333
d48854cb-ed01-4856-a50e-229ec5ed648c,45ddeb85-18d5-4359-987a-f1e1cd9171c5
d48854cb-ed01-4856-a50e-229ec5ed648c,6a50bebb-6b44-45ab-b9f8-c0deb75d484e
d48854cb-ed01-4856-a50e-229ec5ed648c,70f028c8-c00d-4cbd-8127-7237eff2ab65
d4f49f4d-d42a-4772-a24a-1970dfa67542,1467dbfb-e821-429e-8d38-70e799523bb3
d4f49f4d-d42a-4772-a24a-1970dfa67542,57c41d9d-b2c9-4879-b4ec-10eeac1319c7
d4f49f4d-d42a-4772-a24a-1970dfa67542,5f7a9f5d-554d-45a4-8095-97e2f17d2d4b
d4f49f4d-d42a-4772-a24a-1970dfa67542,7baf62c4-1875-464b-a6ca-380108b4ff35
d4f49f4d-d42a-4772-a24a-1970dfa67542,887a5ef2-85af-4c9c-bd2c-7152ce0f3e17
d5a23002-b93b-42db-b0f6-ac4d44e147f8,7baf62c4-1875-464b-a6ca-380108b4ff35
d5a23002-b93b-42db-b0f6-ac4d44e147f8,887a5ef2-85af-4c9c-bd2c-7152ce0f3e17
d5a5ea16-cede-4fbc-b423-2f09e43f96a1,75259b7c-bb19-432a-b7b7-07f7d5e269de
d5a5ea16-cede-4fbc-b423-2f09e43f96a1,93e369d3-8159-45c3-9aa6-334af0502250
d5a5ea16-cede-4fbc-b423-2f09e43f96a1,e6f06d91-c8fd-491d-9a5d-7a49aec7e2cd
d5e01849-f37d-489c-8bcb-7371b8449b98,5a8f409d-39f6-4deb-9b52-7a02012e79e7
d5e01849-f37d-489c-8bcb-7371b8449b98,8667f284-a276-41c8-ae4d-a707228e1417
d5e01849-f37d-489c-8bcb-7371b8449b98,d95cac73-ce81-40ae-9661-c7ad3d36bcf0
d6107abd-e01e-4b47-9fd3-63f2afadb3ff,be30506f-b0ad-421f-9744-4674232c74d6
d6107abd-e01e-4b47-9fd3-63f2afadb3ff,faa47169-6679-40d2-a778-08a1640e5906
d7027968-a609-4a83-88ec-71a7623afb14,1467dbfb-e821-429e-8d38-70e799523bb3
d7027968-a609-4a83-88ec-71a7623afb14,57c41d9d-b2c9-4879-b4ec-10eeac1319c7
d7027968-a609-4a83-88ec-71a7623afb14,5f7a9f5d-554d-45a4-8095-97e2f17d2d4b
d7027968-a609-4a83-88ec-71a7623afb14,7baf62c4-1875-464b-a6ca-380108b4ff35
d7027968-a609-4a83-88ec-71a7623afb14,887a5ef2-85af-4c9c-bd2c-7152ce0f3e17
d753dca9-1fd0-496d-8982-e6848a861821,38b0a4bd-67ee-48e8-8db9-067e7c1667bb
d753dca9-1fd0-496d-8982-e6848a861821,ae99f01e-90b5-48cd-ace4-79fba60d3d3e
d86624fb-5a6f-42df-aedf-dfd931c3218b,12242c80-7e87-4a3a-9089-eb09e16aac1f
d86624fb-5a6f-42df-aedf-dfd931c3218b,38b0a4bd-67ee-48e8-8db9-067e7c1667bb
d86624fb-5a6f-42df-aedf-dfd931c3218b,f5a7403b-bb8d-460b-8d3b-b673d8e3bf71
d886f95c-3c74-4622-98bb-494d34eea3e6,75259b7c-bb19-432a-b7b7-07f7d5e269de
d886f95c-3c74-4622-98bb-494d34eea3e6,93e369d3-8159-45c3-9aa6-334af0502250
d886f95c-3c74-4622-98bb-494d34eea3e6,e6f06d91-c8fd-491d-9a5d-7a49aec7e2cd
da58ba3a-f8e1-4bc2-bf42-84546fad927c,75259b7c-bb19-432a-b7b7-07f7d5e269de
da58ba3a-f8e1-4bc2-bf42-84546fad927c,93e369d3-8159-45c3-9aa6-334af0502250
da58ba3a-f8e1-4bc2-bf42-84546fad927c,e6f06d91-c8fd-491d-9a5d-7a49aec7e2cd
dafd2917-c168-465f-9e36-2b8bc9a12490,2d523025-45b9-47d9-9e61-636a753a32a5
dafd2917-c168-465f-9e36-2b8bc9a12490,652c2aa1-29f4-4cdd-9639-1cab46b39caa
dafd2917-c168-465f-9e36-2b8bc9a12490,70f028c8-c00d-4cbd-8127-7237eff2ab65
db0fb348-80cd-4574-bf14-d82ad5f1ab23,41bd5650-da11-4750-b70f-01500ef0a54b
db0fb348-80cd-4574-bf14-d82ad5f1ab23,70f028c8-c00d-4cbd-8127-7237eff2ab65
db0fb348-80cd-4574-bf14-d82ad5f1ab23,a34f32ba-e445-413e-999b-8c31e2a9b6fc
db622ba3-91af-435c-bf1a-36161400ede6,11d5185c-c6d8-4193-b6d9-dea2e0336b8f
db622ba3-91af-435c-bf1a-36161400ede6,41bd5650-da11-4750-b70f-01500ef0a54b
db622ba3-91af-435c-bf1a-36161400ede6,6a50bebb-6b44-45ab-b9f8-c0deb75d484e
db622ba3-91af-435c-bf1a-36161400ede6,d333f155-d66a-44f3-bb8c-443a989a2147
db622ba3-91af-435c-bf1a-36161400ede6,f5a7403b-bb8d-460b-8d3b-b673d8e3bf71
dc35f15f-5d13-4fe4-9382-03d6de3bd6d0,0e6b0816-e95b-4bca-8b55-bfa61e3a9519
dc35f15f-5d13-4fe4-9382-03d6de3bd6d0,2d523025-45b9-47d9-9e61-636a753a32a5
dc99d38b-165f-4f48-bf0c-54001a9c5993,1b392cad-3abc-4776-bbb1-78a99b886b29
dc99d38b-165f-4f48-bf0c-54001a9c5993,262590a9-146c-4e08-a937-07459a086d63
dc99d38b-165f-4f48-bf0c-54001a9c5993,9f3b78a7-815d-45f9-85da-6ba4e60fb333
dcac688f-9d4c-4f2d-b9ef-525c65c5b504,11d5185c-c6d8-4193-b6d9-dea2e0336b8f
dcac688f-9d4c-4f2d-b9ef-525c65c5b504,41bd5650-da11-4750-b70f-01500ef0a54b
dcac688f-9d4c-4f2d-b9ef-525c65c5b504,6a50bebb-6b44-45ab-b9f8-c0deb75d484e
dcac688f-9d4c-4f2d-b9ef-525c65c5b504,d333f155-d66a-44f3-bb8c-443a989a2147
dcac688f-9d4c-4f2d-b9ef-525c65c5b504,f5a7403b-bb8d-460b-8d3b-b673d8e3bf71
dd764888-d847-423f-bc86-9b2f19acb75b,0e6b0816-e95b-4bca-8b55-bfa61e3a9519
de24f080-9816-4242-b058-caf5d20b7385,a8ccae1a-9c4b-415b-8256-cc8889bde57b
df703ad9-2e0f-4a0a-bd22-877a3e84e0ed,1b392cad-3abc-4776-bbb1-78a99b886b29
df703ad9-2e0f-4a0a-bd22-877a3e84e0ed,262590a9-146c-4e08-a937-07459a086d63
df703ad9-2e0f-4a0a-bd22-877a3e84e0ed,9f3b78a7-815d-45f9-85da-6ba4e60fb333
e1bcdee5-3a8f-4a70-af2e-c748d12e43ca,78db0fd8-37e9-4fc1-800b-f26221f21008
e1bcdee5-3a8f-4a70-af2e-c748d12e43ca,a023cd3c-63d0-49cb-bd1b-1af5252d8d34
e1bcdee5-3a8f-4a70-af2e-c748d12e43ca,d333f155-d66a-44f3-bb8c-443a989a2147
e24de8f5-ac73-474c-be96-1e8a77f2bcff,a34f32ba-e445-413e-999b-8c31e2a9b6fc
e332ed8e-85d3-414d-b933-b1a131bf5795,0e6b0816-e95b-4bca-8b55-bfa61e3a9519
e332ed8e-85d3-414d-b933-b1a131bf5795,2d523025-45b9-47d9-9e61-636a753a32a5
e3d492ee-6687-4dec-bbca-1be827fd4615,12242c80-7e87-4a3a-9089-eb09e16aac1f
e3d492ee-6687-4dec-bbca-1be827fd4615,38b0a4bd-67ee-48e8-8db9-067e7c1667bb
e3d492ee-6687-4dec-bbca-1be827fd4615,f5a7403b-bb8d-460b-8d3b-b673d8e3bf71
e3f0c70e-ea9a-43ee-b8aa-0f739bd7be7a,8d7da0a8-eced-4493-bb08-222ab6ade9aa
e3f0c70e-ea9a-43ee-b8aa-0f739bd7be7a,fde2f37d-7251-42fc-935e-b05a49520cae
e517a6e3-c8e1-48c0-b40e-4a26a41501de,1467dbfb-e821-429e-8d38-70e799523bb3
e517a6e3-c8e1-48c0-b40e-4a26a41501de,57c41d9d-b2c9-4879-b4ec-10eeac1319c7
e517a6e3-c8e1-48c0-b40e-4a26a41501de,5f7a9f5d-554d-45a4-8095-97e2f17d2d4b
e517a6e3-c8e1-48c0-b40e-4a26a41501de,7baf62c4-1875-464b-a6ca-380108b4ff35
e517a6e3-c8e1-48c0-b40e-4a26a41501de,887a5ef2-85af-4c9c-bd2c-7152ce0f3e17
e56cf4b7-4325-45d9-87b4-a66724921457,41bd5650-da11-4750-b70f-01500ef0a54b
e56cf4b7-4325-45d9-87b4-a66724921457,70f028c8-c00d-4cbd-8127-7237eff2ab65
e56cf4b7-4325-45d9-87b4-a66724921457,e6f06d91-c8fd-491d-9a5d-7a49aec7e2cd
e5b20dbe-cc36-4197-af86-23ca596500cb,0e6b0816-e95b-4bca-8b55-bfa61e3a9519
e5b20dbe-cc36-4197-af86-23ca596500cb,2d523025-45b9-47d9-9e61-636a753a32a5
e61d0115-0d9c-4136-b020-65a6801fc866,6a50bebb-6b44-45ab-b9f8-c0deb75d484e
e65b5651-58f9-4cb7-852b-61c66b43dda9,5a8f409d-39f6-4deb-9b52-7a02012e79e7
e65b5651-58f9-4cb7-852b-61c66b43dda9,8667f284-a276-41c8-ae4d-a707228e1417
e65b5651-58f9-4cb7-852b-61c66b43dda9,d95cac73-ce81-40ae-9661-c7ad3d36bcf0
e67e95d0-83d2-48f1-a371-cb6eff0670f7,1b392cad-3abc-4776-bbb1-78a99b886b29
e67e95d0-83d2-48f1-a371-cb6eff0670f7,6a50bebb-6b44-45ab-b9f8-c0deb75d484e
e67e95d0-83d2-48f1-a371-cb6eff0670f7,a34f32ba-e445-413e-999b-8c31e2a9b6fc
e6cf52f1-d95e-42b5-accb-594646a1cf50,5a8f409d-39f6-4deb-9b52-7a02012e79e7
e6cf52f1-d95e-42b5-accb-594646a1cf50,8667f284-a276-41c8-ae4d-a707228e1417
e6cf52f1-d95e-42b5-accb-594646a1cf50,d95cac73-ce81-40ae-9661-c7ad3d36bcf0
e6fc639f-f04c-43b8-97fc-4ee36ce71bc3,ac9a3cf9-4109-48ce-bb7a-c8f1ae6a83cb
e6fc639f-f04c-43b8-97fc-4ee36ce71bc3,d644742e-505e-4d3d-8af1-b50fe2293bd8
e6fc639f-f04c-43b8-97fc-4ee36ce71bc3,e6f06d91-c8fd-491d-9a5d-7a49aec7e2cd
e7d97f9c-3d49-46d0-8a73-33254870a568,1467dbfb-e821-429e-8d38-70e799523bb3
e7d97f9c-3d49-46d0-8a73-33254870a568,57c41d9d-b2c9-4879-b4ec-10eeac1319c7
e7d97f9c-3d49-46d0-8a73-33254870a568,5f7a9f5d-554d-45a4-8095-97e2f17d2d4b
e7d97f9c-3d49-46d0-8a73-33254870a568,7baf62c4-1875-464b-a6ca-380108b4ff35
e7d97f9c-3d49-46d0-8a73-33254870a568,887a5ef2-85af-4c9c-bd2c-7152ce0f3e17
ea067cc1-1c97-4507-8bf8-6b2b9c80db50,5b156a4b-16f1-4f49-90e6-051fce80de3f
ea067cc1-1c97-4507-8bf8-6b2b9c80db50,e6f06d91-c8fd-491d-9a5d-7a49aec7e2cd
eb432492-c10b-40fe-a04a-3c66d8a6173f,5a8f409d-39f6-4deb-9b52-7a02012e79e7
eb432492-c10b-40fe-a04a-3c66d8a6173f,8667f284-a276-41c8-ae4d-a707228e1417
eb432492-c10b-40fe-a04a-3c66d8a6173f,d95cac73-ce81-40ae-9661-c7ad3d36bcf0
eba3ce79-9437-4393-b2ce-6fae88680030,5a8f409d-39f6-4deb-9b52-7a02012e79e7
eba3ce79-9437-4393-b2ce-6fae88680030,8667f284-a276-41c8-ae4d-a707228e1417
eba3ce79-9437-4393-b2ce-6fae88680030,d95cac73-ce81-40ae-9661-c7ad3d36bcf0
ece61a3e-de45-4d9a-ac70-ab2a42b6e42c,75259b7c-bb19-432a-b7b7-07f7d5e269de
ece61a3e-de45-4d9a-ac70-ab2a42b6e42c,93e369d3-8159-45c3-9aa6-334af0502250
ece61a3e-de45-4d9a-ac70-ab2a42b6e42c,e6f06d91-c8fd-491d-9a5d-7a49aec7e2cd
ed88ba7c-2233-4b54-8e66-de2b3ab7909c,78db0fd8-37e9-4fc1-800b-f26221f21008
ed88ba7c-2233-4b54-8e66-de2b3ab7909c,a023cd3c-63d0-49cb-bd1b-1af5252d8d34
ed88ba7c-2233-4b54-8e66-de2b3ab7909c,d333f155-d66a-44f3-bb8c-443a989a2147
ee391c87-8837-4252-8d1b-1ef31dc3bc53,08a18e22-3e53-4e1f-8535-9b3599e2fc0b
ee391c87-8837-4252-8d1b-1ef31dc3bc53,215a5f8f-06e1-4158-9721-e6008784fdd7
ee391c87-8837-4252-8d1b-1ef31dc3bc53,40e882c1-782c-4149-8cf7-aa975b6c01d7
ee391c87-8837-4252-8d1b-1ef31dc3bc53,a7f43594-640b-4fc9-8df5-a52985453583
eea938a2-b182-418f-909a-f1de6ee3cf5f,2d523025-45b9-47d9-9e61-636a753a32a5
eea938a2-b182-418f-909a-f1de6ee3cf5f,a34f32ba-e445-413e-999b-8c31e2a9b6fc
efda7455-38e7-4356-8001-2c8c4dea4f99,6a50bebb-6b44-45ab-b9f8-c0deb75d484e
f00fcacb-361b-4785-a0e5-de264ec6cdbb,5a8f409d-39f6-4deb-9b52-7a02012e79e7
f00fcacb-361b-4785-a0e5-de264ec6cdbb,8667f284-a276-41c8-ae4d-a707228e1417
f00fcacb-361b-4785-a0e5-de264ec6cdbb,d95cac73-ce81-40ae-9661-c7ad3d36bcf0
f03647a9-db61-4d05-ab67-9fb2768fa09d,6a50bebb-6b44-45ab-b9f8-c0deb75d484e
f0bf7f35-c3ff-4f8b-9068-5c47020f713f,0e6b0816-e95b-4bca-8b55-bfa61e3a9519
f1504c10-ba8d-4a6f-8627-a7e8eb75dc0f,2d523025-45b9-47d9-9e61-636a753a32a5
f1504c10-ba8d-4a6f-8627-a7e8eb75dc0f,d333f155-d66a-44f3-bb8c-443a989a2147
f1504c10-ba8d-4a6f-8627-a7e8eb75dc0f,e6f06d91-c8fd-491d-9a5d-7a49aec7e2cd
f20dce76-ae9f-4645-a0c0-499a7d392db7,5a8f409d-39f6-4deb-9b52-7a02012e79e7
f20dce76-ae9f-4645-a0c0-499a7d392db7,8667f284-a276-41c8-ae4d-a707228e1417
f20dce76-ae9f-4645-a0c0-499a7d392db7,d95cac73-ce81-40ae-9661-c7ad3d36bcf0
f28bff49-9bd4-4471-9a83-1b5c733116e3,0e6b0816-e95b-4bca-8b55-bfa61e3a9519
f28bff49-9bd4-4471-9a83-1b5c733116e3,1b392cad-3abc-4776-bbb1-78a99b886b29
f28bff49-9bd4-4471-9a83-1b5c733116e3,6a50bebb-6b44-45ab-b9f8-c0deb75d484e
f29e3bf3-3736-4481-9212-3a17322545c0,0e6b0816-e95b-4bca-8b55-bfa61e3a9519
f2f09272-8a21-4522-9c77-7e8b51b36cce,1b392cad-3abc-4776-bbb1-78a99b886b29
f2f09272-8a21-4522-9c77-7e8b51b36cce,41bd5650-da11-4750-b70f-01500ef0a54b
f38ac969-4750-4c32-b56b-fe2316bf20f2,6a50bebb-6b44-45ab-b9f8-c0deb75d484e
f38ac969-4750-4c32-b56b-fe2316bf20f2,d333f155-d66a-44f3-bb8c-443a989a2147
f394225d-055f-4dd8-ab3f-daa8950bb908,45ddeb85-18d5-4359-987a-f1e1cd9171c5
f394225d-055f-4dd8-ab3f-daa8950bb908,54c60844-91c5-4f16-875e-e5c0382aec1a
f394225d-055f-4dd8-ab3f-daa8950bb908,c8527017-e00b-4771-a39c-8a43ab121796
f498e3ed-f7ee-4d83-9a0d-0a1e6edac627,a8ccae1a-9c4b-415b-8256-cc8889bde57b
f4c0bb12-15ef-403b-ad9e-1e4d946b781b,08a18e22-3e53-4e1f-8535-9b3599e2fc0b
f4c0bb12-15ef-403b-ad9e-1e4d946b781b,215a5f8f-06e1-4158-9721-e6008784fdd7
f4c0bb12-15ef-403b-ad9e-1e4d946b781b,40e882c1-782c-4149-8cf7-aa975b6c01d7
f4c0bb12-15ef-403b-ad9e-1e4d946b781b,a7f43594-640b-4fc9-8df5-a52985453583
f60415dd-abe6-4296-a6b2-d34d6c2d5f8c,1b392cad-3abc-4776-bbb1-78a99b886b29
f60415dd-abe6-4296-a6b2-d34d6c2d5f8c,262590a9-146c-4e08-a937-07459a086d63
f60415dd-abe6-4296-a6b2-d34d6c2d5f8c,9f3b78a7-815d-45f9-85da-6ba4e60fb333
f6764b0c-32d9-44a9-97d9-9f59e40ad00f,54c60844-91c5-4f16-875e-e5c0382aec1a
f6764b0c-32d9-44a9-97d9-9f59e40ad00f,c8527017-e00b-4771-a39c-8a43ab121796
f6d16c6e-78d2-4cce-9bc5-9d181abce25c,38b0a4bd-67ee-48e8-8db9-067e7c1667bb
f6d16c6e-78d2-4cce-9bc5-9d181abce25c,5b156a4b-16f1-4f49-90e6-051fce80de3f
f7b0378a-f608-4ce9-8e4d-3225a17c8fc3,11d5185c-c6d8-4193-b6d9-dea2e0336b8f
f7b0378a-f608-4ce9-8e4d-3225a17c8fc3,41bd5650-da11-4750-b70f-01500ef0a54b
f7b0378a-f608-4ce9-8e4d-3225a17c8fc3,6a50bebb-6b44-45ab-b9f8-c0deb75d484e
f7b0378a-f608-4ce9-8e4d-3225a17c8fc3,d333f155-d66a-44f3-bb8c-443a989a2147
f7b0378a-f608-4ce9-8e4d-3225a17c8fc3,f5a7403b-bb8d-460b-8d3b-b673d8e3bf71
f8bdcac4-4fc8-4897-8c99-7744d8c2e186,5a8f409d-39f6-4deb-9b52-7a02012e79e7
f8bdcac4-4fc8-4897-8c99-7744d8c2e186,8667f284-a276-41c8-ae4d-a707228e1417
f8bdcac4-4fc8-4897-8c99-7744d8c2e186,d95cac73-ce81-40ae-9661-c7ad3d36bcf0
f8eeedc4-d280-47fc-adbe-048a0ba88423,75259b7c-bb19-432a-b7b7-07f7d5e269de
f8eeedc4-d280-47fc-adbe-048a0ba88423,93e369d3-8159-45c3-9aa6-334af0502250
f8eeedc4-d280-47fc-adbe-048a0ba88423,e6f06d91-c8fd-491d-9a5d-7a49aec7e2cd
fa36523d-1030-4b0b-b182-2245ccc3983b,d333f155-d66a-44f3-bb8c-443a989a2147
fab15ece-56be-4bfb-84cc-8b416d987f19,54c60844-91c5-4f16-875e-e5c0382aec1a
fab15ece-56be-4bfb-84cc-8b416d987f19,c8527017-e00b-4771-a39c-8a43ab121796
fc6297c9-2143-4f21-be22-e298fcebd377,1b392cad-3abc-4776-bbb1-78a99b886b29
fc6297c9-2143-4f21-be22-e298fcebd377,6a50bebb-6b44-45ab-b9f8-c0deb75d484e
fc6297c9-2143-4f21-be22-e298fcebd377,a34f32ba-e445-413e-999b-8c31e2a9b6fc
fd03cbae-f186-44d9-a36f-e8c808d610c5,12242c80-7e87-4a3a-9089-eb09e16aac1f
fd03cbae-f186-44d9-a36f-e8c808d610c5,38b0a4bd-67ee-48e8-8db9-067e7c1667bb
fd03cbae-f186-44d9-a36f-e8c808d610c5,f5a7403b-bb8d-460b-8d3b-b673d8e3bf71
fda38189-3bdb-46a3-b249-71427e089477,a8ccae1a-9c4b-415b-8256-cc8889bde57b
fe9cbc33-c022-45d4-93fb-b7877791dc86,2d523025-45b9-47d9-9e61-636a753a32a5
fe9cbc33-c022-45d4-93fb-b7877791dc86,652c2aa1-29f4-4cdd-9639-1cab46b39caa
fea4b61a-0925-4053-a8d7-62e4a6e03401,0e6b0816-e95b-4bca-8b55-bfa61e3a9519
fea4b61a-0925-4053-a8d7-62e4a6e03401,2d523025-45b9-47d9-9e61-636a753a32a5
fea4b61a-0925-4053-a8d7-62e4a6e03401,e6f06d91-c8fd-491d-9a5d-7a49aec7e2cd
ff68bd94-05d7-4cd9-85de-85bcbaed7af0,1b392cad-3abc-4776-bbb1-78a99b886b29
ff68bd94-05d7-4cd9-85de-85bcbaed7af0,262590a9-146c-4e08-a937-07459a086d63
ff68bd94-05d7-4cd9-85de-85bcbaed7af0,9f3b78a7-815d-45f9-85da-6ba4e60fb333
fff3a7f9-3c36-4ed2-9e97-3c57508fe2b0,08a18e22-3e53-4e1f-8535-9b3599e2fc0b
fff3a7f9-3c36-4ed2-9e97-3c57508fe2b0,215a5f8f-06e1-4158-9721-e6008784fdd7
fff3a7f9-3c36-4ed2-9e97-3c57508fe2b0,40e882c1-782c-4149-8cf7-aa975b6c01d7
fff3a7f9-3c36-4ed2-9e97-3c57508fe2b0,a7f43594-640b-4fc9-8df5-a52985453583
