fir_id,criminal_id,role,id
723568a5-fcfd-4d68-9e84-b4a47e8bb96e,8a375fae-6940-41ee-bed7-b1907e6fe26e,accused,00955318-c144-45b2-94d2-0e3c87751666
ce9c7095-ee1a-40de-9445-4e22f8eabe6f,65ffec8e-40a4-4720-99be-dc3cfc926e4d,accused,012c671c-1f51-488b-8864-09058ae86503
f829b077-efcf-4a06-9815-672f91123049,2523d823-0618-40c2-b622-d6faf7f16347,accused,014dc808-958b-419e-89fc-c7d7d133bd33
1f8e69b6-dc14-4d97-99b8-4de8a1c2f0ee,bdb6d588-71f9-4e5a-9059-9aeb7858ab14,accused,02d97455-30e3-4465-a195-2f729406e5be
df478a5f-2626-4056-a80e-ddd4d65d59b4,750ba888-4440-4c9a-b1b2-9caafbd5b106,accused,02e9b595-e2df-4598-bf08-da6d7f7176b3
5e069fe5-d758-48ce-95fb-51b1ea8e53bb,2c56a6a3-cd13-4703-b572-f392128db1a2,accused,02f9a7e9-6d18-497a-9001-6d8a49456086
b6dce4c9-38f6-42bf-87c5-c1e121ecbf41,e29cf33d-3671-4939-bd02-dcd9bc375f60,accused,0393f88a-a5f7-46fb-bf25-33ace36f95a0
47cb0fc9-0e44-4fb5-93dd-99f37f6c1817,60e3f69c-d5de-4ac7-8ef1-2d320fe749da,accused,05889ec5-5262-436d-9d2f-ea01f075a80f
22f34f50-d166-4519-9d59-1425d6c78579,65ffec8e-40a4-4720-99be-dc3cfc926e4d,accused,05b44ae0-5cf4-45ef-9dba-130dec251c68
f5c174eb-78d3-4be6-9b91-479c60bb98d1,23d17823-29fc-40a3-b71a-c40a91481987,accused,077ab952-3e4d-4f03-a212-06d55d1a82c0
4934a590-0190-46c6-a88a-474e35a7f4c7,19de0621-c7d0-402a-a09d-3b1db38aecf4,accused,099a2f7a-f05b-42b0-b9d8-e03da09c915c
e2fe5ac7-125f-4fb4-9e86-13ac54831ec6,ed8f808f-e666-4a73-9062-1f8f757442f1,accused,099b358e-789d-446e-838e-6617c3f7c6d8
4bceeb69-0d2f-45f4-b229-91e3acc2ee04,2616b6ed-9bed-4104-b508-4934d0fd4c88,accused,0a1156d9-7f80-4882-ad14-05d194c317ad
ff73a8f8-e4a8-4ae2-b220-b3ccf79a4682,018a82be-ef30-4d91-95f1-128f8857e132,accused,0b3ec1a9-aea8-4ae5-a44a-3a311adc0203
57c4db16-3e63-4463-a62d-bb8280f929d3,23d17823-29fc-40a3-b71a-c40a91481987,accused,0b490b87-f607-45c5-a650-9e01bcbfab09
b8d250a7-03ee-4a07-91c0-46f99331b7bb,bdb6d588-71f9-4e5a-9059-9aeb7858ab14,accused,0bd3383e-15dd-4819-a260-c51605f5b219
25ef72d8-f053-45b1-b3f0-635768d1bcd7,31a38468-2fa2-4b4b-83b5-d3f1011b9d89,accused,0be97c05-f939-493b-9df3-dbc1e228c567
6a988af3-68fb-4be6-806c-e48d978ee968,19de0621-c7d0-402a-a09d-3b1db38aecf4,accused,0c069b17-5274-49b9-ac28-89c54960bb4d
6c18d26f-e587-4eef-88b3-2a2095385e6e,e23a92a9-c684-4a2a-8196-0d0a0dcadd22,accused,0c197350-cf4e-4c8b-92da-9f0ff7cb908f
b7213958-bae7-4777-b01d-64b96209ac70,31a38468-2fa2-4b4b-83b5-d3f1011b9d89,accused,0d11613a-8b3e-45e7-b8a7-da25595464d1
f63ad945-662e-443f-aeb9-f9cd92216ec2,19a6a814-a49e-4d85-aa21-a2e8b5709d94,accused,0df0b011-6dc1-466b-82b0-2782cfadd310
56cfac9b-0b3c-488b-bc0c-feaa2fec713d,89c54b69-d065-42da-9669-f90f08bb0786,accused,0df68217-75fd-4eb0-9ff2-e1d703585d51
0cda7e28-d97b-49ea-8a4c-1a29bf19cb0b,714dba62-7666-4852-a5b0-60c7209e4c71,accused,0e409e20-1a54-493f-aaea-4d0b2287e536
72abc898-e353-4cfb-8a3b-eaf885eec544,4225fe2b-47a4-4e83-8203-571a0c8e1a68,accused,0e69699e-4048-4a20-8d30-cff8dbc9899d
7206a62c-23f1-4c31-b15b-50b927ba4e8b,ed8f808f-e666-4a73-9062-1f8f757442f1,accused,0ed46063-575c-434d-ae9b-3edaf17899db
c39882b7-f1b3-49be-82b1-b7860512b226,7b633f2f-e215-46d6-8552-25eb067bc8e3,accused,0ef638c8-83ce-4115-bcc8-0bf1bd2b85f3
fd451e5c-3295-407a-a3d6-e5f9ed1c327b,0997c34d-ad5a-498f-8847-55e7a86de24f,accused,0f2eca00-80a3-4926-a20d-cc0732042713
e8d3f81b-0609-438c-aa75-e466c5241b91,19de0621-c7d0-402a-a09d-3b1db38aecf4,accused,0fcdc252-6f22-4a23-a3f2-e5a42375c0b1
59680cd0-102d-46b3-a32b-a40ad89d6041,2c56a6a3-cd13-4703-b572-f392128db1a2,accused,10232d46-b0b6-4cb6-80b1-72ec645433d6
2c2c6e00-a493-4fbc-aa39-6059f20ee1c8,19a6a814-a49e-4d85-aa21-a2e8b5709d94,accused,10b99372-620b-442b-b4b3-ce778e7afc3b
9d2125af-c510-4290-8dce-ae4d86f87d0f,72b203cc-1aef-4aa5-afa5-98830c486d26,accused,10dbfc31-6464-41a6-a641-e5000a3a6654
87e2b9a3-a360-45ea-808b-82216509d892,148a2f90-d1d0-44d7-a20a-165816eef71c,accused,110bf2b8-f86e-4782-adc7-f38853eaa680
a193f9cc-f898-4b70-b844-99674600e826,738847ff-a086-4b42-a272-b89e0a0d3f3e,accused,110c46cb-e886-4003-9d0d-82d7f1df349b
0c115542-a2ea-4326-903f-61db5d1f6ae3,2523d823-0618-40c2-b622-d6faf7f16347,accused,11c00168-173e-467a-817b-e042607e8c4a
618d5df8-93a3-4d05-8612-d92bec185f5e,23d17823-29fc-40a3-b71a-c40a91481987,accused,13061d17-661b-492b-b0c7-70535a78c791
3f7db885-6fa6-4152-b71d-2374e7a59e53,0997c34d-ad5a-498f-8847-55e7a86de24f,accused,139a77d4-e888-4ea1-8fe3-7ce4192eafeb
fa0005e3-63e3-4f65-b611-9ee396f5e934,c40419c7-a5fd-4a9e-9f29-c4d17faa33f7,accused,14cf4d2d-cb4b-4f6f-b081-c4c398539b44
12ef9abb-b23d-4b62-81ff-f40422e7f6da,1aa9f6f7-0876-46bd-9158-b0632c1ab32e,accused,151120c7-4ec1-4c60-aa36-8f9866061950
8421879e-2da7-4a7e-aab9-31dd387ac55f,e412d489-ce18-4280-a918-1d1732688bf0,accused,15674dd4-abab-4715-bf8c-6f3f3b4a955d
28c8c48d-649a-4af9-82b3-d948578e8f10,410bec90-8114-4c19-905e-a5b77972ef47,accused,16cfff1a-a35c-4ae1-b8cb-fce613fe5c17
c40af2d3-ca38-49b1-9ed5-25c5c8fc2018,bdb595ca-f4c0-4190-ac69-57695a571d53,accused,17256095-7a9a-4db5-b252-0bb9b4211736
5e069fe5-d758-48ce-95fb-51b1ea8e53bb,cfe3055a-c9dc-4cbe-8a5d-d0c7455af61d,accused,173d3943-d82e-49e5-90e2-e3b6bd1e7ad3
b7213958-bae7-4777-b01d-64b96209ac70,58239812-e3cc-4698-a09e-f1704f75854a,accused,17610a19-d540-46ee-a8e9-562d4cb196ef
0fcc4d2a-ef07-4402-b7c6-9b01f7ea7ce7,fea975d0-6440-4fd0-991c-b824df0f6fab,accused,1767c7e4-4695-409d-ac3c-e9a56d28e304
bfcd010c-4c81-4931-aa58-a1295a8057a5,0997c34d-ad5a-498f-8847-55e7a86de24f,accused,17b4d899-f3ed-4f1f-a8ad-480ebe0148ac
75cdebf2-3e12-4fe8-aeef-aa0e01668671,19a6a814-a49e-4d85-aa21-a2e8b5709d94,accused,17d19e5c-238d-423e-9abf-4c6edbe57357
9e07592c-b505-41a6-b076-0fd79a95d096,23d17823-29fc-40a3-b71a-c40a91481987,accused,18a07f1a-41e7-4a97-aadc-de1db9bc599c
78d9dcf8-7914-40a9-b2fc-be982b9a7eff,19a6a814-a49e-4d85-aa21-a2e8b5709d94,accused,18a89646-0b65-4166-ba8a-ffa134cd1cc1
012b8e13-8dfc-419e-895a-d1fb9f02a13f,148a2f90-d1d0-44d7-a20a-165816eef71c,accused,18bbca4f-07e2-4bf3-8dc5-0f927f62b32c
45bbd7ca-02e0-4a69-bf35-a4d96c66942c,148a2f90-d1d0-44d7-a20a-165816eef71c,accused,1960e29f-277b-4564-90ee-836be9d1e0ab
cb8a938b-aeca-4a5b-b4ae-ab6a48a785d0,c05c81b2-c782-455e-be3f-8ac22ed75c9c,accused,19d63496-9903-4e43-ad0d-165005d3f6ec
5805e050-47ca-4c43-b476-0499e2310ff1,65ffec8e-40a4-4720-99be-dc3cfc926e4d,accused,1a3c9255-dddb-4634-84f9-e78f03b9860d
d75c3a2f-1276-459b-bfd1-f541d8df8ce0,7ce121c6-0b93-4393-b78e-e04c743c151b,accused,1a6132c1-4750-44f1-9180-b851cc7f4612
f45d7b03-ef22-4d18-9a93-74b9e6a60f4f,4ea921f4-e436-47ef-b9fc-08d469138a6d,accused,1a8085d3-db5d-4a27-9d2c-3d9b88d9e522
b6dce4c9-38f6-42bf-87c5-c1e121ecbf41,64b8434d-dd78-4775-9224-b4d1cdc73732,accused,1af31fdf-6672-49f6-a59f-778e5579291e
8cccbb9e-013d-4e43-a3d5-a8b774892e8d,8a375fae-6940-41ee-bed7-b1907e6fe26e,accused,1bb89bb7-af1c-417b-ac25-5cf45079e659
c0a2ed0d-d812-4253-8a02-e2a87967f677,2616b6ed-9bed-4104-b508-4934d0fd4c88,accused,1cabd7ca-1ec7-430a-bd02-69866ab6763f
25ef72d8-f053-45b1-b3f0-635768d1bcd7,c40419c7-a5fd-4a9e-9f29-c4d17faa33f7,accused,1cb2089b-bc3c-4c23-b3e5-127ff34f0654
1145e997-4746-47b3-aca4-1ddbf4a654ce,c05c81b2-c782-455e-be3f-8ac22ed75c9c,accused,1cb55339-5b49-4a76-84bd-d0942ad498a7
a1b99df0-a1d1-4ed7-808d-dd880f800407,7ce121c6-0b93-4393-b78e-e04c743c151b,accused,1db6224b-9c4d-4694-9d8c-7b4619d95187
5805e050-47ca-4c43-b476-0499e2310ff1,2c56a6a3-cd13-4703-b572-f392128db1a2,accused,1dbaf035-f1ae-44d1-80ac-fb4a133bab0b
626910c5-208d-4e5c-ae51-31973ed2f9d4,64b8434d-dd78-4775-9224-b4d1cdc73732,accused,1dcc0971-4d5d-47ff-aa8f-4cd2ef176b0c
1f8e69b6-dc14-4d97-99b8-4de8a1c2f0ee,25ab8b3f-49ca-4dd7-8af6-581e2e31e739,accused,1e04359c-4786-4529-af04-d2f2f143cbb9
a0c06992-8590-4258-9bfe-63836e405dc4,2c56a6a3-cd13-4703-b572-f392128db1a2,accused,1e50b63d-c914-460d-8a70-f9972ca92cda
ee603268-a970-42dc-9c83-a2e2dbb96d53,4225fe2b-47a4-4e83-8203-571a0c8e1a68,accused,1f2175db-b96f-4ffb-a016-98b9a95bdd15
21f10778-298e-4730-bd27-6dc52465fc9e,19de0621-c7d0-402a-a09d-3b1db38aecf4,accused,1f7bfdc3-2d7e-4a95-aed4-daf9b6d060b9
0fc15b04-14ac-4345-a8c7-611c4531358c,c05c81b2-c782-455e-be3f-8ac22ed75c9c,accused,1fd1d699-beae-4b23-9989-3ac35261ca4e
6ed43e9c-466c-4a53-8ed4-3c4f62c96c55,7ce121c6-0b93-4393-b78e-e04c743c151b,accused,1fe4648b-b10c-425c-91fc-e0f1cf2da6a0
618d5df8-93a3-4d05-8612-d92bec185f5e,cfe3055a-c9dc-4cbe-8a5d-d0c7455af61d,accused,20ecd5f0-e790-49a1-b707-0b2589cc2c67
a5e53248-0ec8-49f9-9635-e2ad6d422eec,65ffec8e-40a4-4720-99be-dc3cfc926e4d,accused,21f02cc2-eee1-4b50-aff6-17f35f1c8444
ca2cfb3c-4074-4f78-ab71-468f1c19e34b,19de0621-c7d0-402a-a09d-3b1db38aecf4,accused,224d2e04-d0ce-4ea4-8d31-cf2d4a32826e
456664f7-b981-4efa-853f-7d1ee6621fdd,bdb595ca-f4c0-4190-ac69-57695a571d53,accused,226b30c5-706e-41bd-a44d-15e3338e3d24
c32f6f45-df49-44b1-bd9d-35ced0cfde4e,fea975d0-6440-4fd0-991c-b824df0f6fab,accused,22a6fd73-0853-4f6b-935d-406ba9b41796
2b38b20f-9587-4fc5-aca7-8bb444152eb3,0997c34d-ad5a-498f-8847-55e7a86de24f,accused,237c2613-8b50-4f51-8ffc-a1558205559c
bfafe93e-ed31-45b8-820a-6098d25348f0,412d51c1-3427-42c0-908e-c804031cf0f6,accused,23a7be08-c45e-4522-9821-fccae6f83e4d
9d03626a-3404-48f5-9cb5-56a0c358e19e,0dbb13ad-970f-4a79-aba7-71fc48efe02b,accused,23f9c148-d995-49f1-a325-cdf22280c216
1e81bcf5-6b55-46ec-9d3e-31f49f303ca5,714dba62-7666-4852-a5b0-60c7209e4c71,accused,24a2470e-ab71-4620-b2d1-c4de6e960dd1
45cfca5b-8efb-4e80-ac1c-4526fe833eb2,0aa539c1-99df-4ac9-b414-a06aabbdf912,accused,258a02c1-4ec2-4eae-909a-b0207605d5e9
2cd03bf2-8dec-4e13-a2c3-2ac0492e579d,e23a92a9-c684-4a2a-8196-0d0a0dcadd22,accused,2643841d-0a27-4de4-8231-030eae647581
a8f85d8d-3a6b-4bb6-8f4c-197434bf4d20,2c56a6a3-cd13-4703-b572-f392128db1a2,accused,27af8e79-079c-4c89-80d8-368e3e55a18a
f4cf0c90-d544-4edf-8174-e4f7f100a3d2,8a6e7a7a-aa95-4516-a062-d58308c32f11,accused,280e1576-2fd0-4f23-94b7-0b984e34d820
9ccbea0c-93d3-4623-9551-de6e884172cc,fab81283-e4da-49e6-80f8-8f5d03273121,accused,288a8b5b-6da7-4dff-907f-35fd00b026c8
cdfa4108-1017-44a3-9a14-291389ff3926,7ce121c6-0b93-4393-b78e-e04c743c151b,accused,290b88d7-37f3-49b2-9b72-5ccaaba499a6
ce24e7e2-bc8d-4e80-b00e-a4bb65aac2f3,2616b6ed-9bed-4104-b508-4934d0fd4c88,accused,29cd0044-70ac-4f2d-a21f-cce16c2ec5a5
8ecffe88-307b-49f4-80dc-a6c4c205cb9c,548087de-3a62-4bae-a367-ad39b7ac41d0,accused,29def214-32a4-4e04-bc30-f493c9b1d8c1
124b3cca-8396-43ad-8f73-8609d1ce7394,19a6a814-a49e-4d85-aa21-a2e8b5709d94,accused,29f6c8f8-55e2-4e26-9a83-beabdc2c54f7
f980f238-e230-41cb-9409-e41a9a121564,750ba888-4440-4c9a-b1b2-9caafbd5b106,accused,2a89254f-15c1-4ba6-a420-d062f219ca54
fdb5efe8-7d5a-4abd-b433-19ab50c55d93,fea975d0-6440-4fd0-991c-b824df0f6fab,accused,2b204e53-8c26-440f-89e2-1a8665f651f0
40cd8e4e-14e6-4d05-b3b0-d9473c268a7d,60e3f69c-d5de-4ac7-8ef1-2d320fe749da,accused,2b42939d-d31d-4b7a-a151-420c695d1ae6
9231a98f-b523-4f2b-832e-1544a2cc12f1,2c56a6a3-cd13-4703-b572-f392128db1a2,accused,2c4f5262-9c17-478b-9bcd-387ca54b0993
fdcc7bf5-14ff-4296-86a7-b6d38b428e64,cfe3055a-c9dc-4cbe-8a5d-d0c7455af61d,accused,2d2194c8-0b36-491a-b0e3-1bce3a5a3537
1567f587-eb30-4e18-8598-f423a051d86c,1aa9f6f7-0876-46bd-9158-b0632c1ab32e,accused,2df72274-d8a5-4130-95d8-84f72a7d8d69
9b2ff37a-464b-43ae-9876-d0d5383b6619,bdb6d588-71f9-4e5a-9059-9aeb7858ab14,accused,2e21df74-c4c8-4abc-9697-2f89837d442e
e127958f-203a-45ef-b795-29aacc585ec5,1aa9f6f7-0876-46bd-9158-b0632c1ab32e,accused,2ebed73c-fa5e-4706-b36b-d72e07bd93a6
1f8e69b6-dc14-4d97-99b8-4de8a1c2f0ee,8a6e7a7a-aa95-4516-a062-d58308c32f11,accused,300392dc-1da1-4491-a242-21ab06875be4
f8ba79dc-a880-4fc1-a054-2664107953bf,0997c34d-ad5a-498f-8847-55e7a86de24f,accused,30288d44-ea83-4cb0-bbe3-d37329ee8046
14e231c9-3b80-40d8-8354-bee43c66b4f5,64b8434d-dd78-4775-9224-b4d1cdc73732,accused,3068a4a6-fd3c-4c0c-8eac-0ea2031017d8
846d37b6-b21e-40e1-b500-5aade8ecb289,64b8434d-dd78-4775-9224-b4d1cdc73732,accused,306cabeb-f436-4851-8935-19485bb86533
25ef72d8-f053-45b1-b3f0-635768d1bcd7,750ba888-4440-4c9a-b1b2-9caafbd5b106,accused,3117a764-0996-4564-8532-ccc8b70ef2da
a1e38a00-99cc-4bc0-9dfc-8eee0988889b,19a6a814-a49e-4d85-aa21-a2e8b5709d94,accused,33f358ea-24ee-4e03-92e7-d1d3c5428509
22f34f50-d166-4519-9d59-1425d6c78579,548087de-3a62-4bae-a367-ad39b7ac41d0,accused,34e39032-e0ac-434d-9c66-1c4076b5bd29
7a410d36-a43f-47cc-9763-dfed2d80fef9,0997c34d-ad5a-498f-8847-55e7a86de24f,accused,357656e3-a947-4d9a-bea6-19cc2731a0ca
c5a9a50e-8318-4207-adac-e17617800543,750ba888-4440-4c9a-b1b2-9caafbd5b106,accused,36d84f3e-47ea-4828-86bc-872c263f88e1
9231a98f-b523-4f2b-832e-1544a2cc12f1,c05c81b2-c782-455e-be3f-8ac22ed75c9c,accused,36f72213-ee80-4bad-abaa-0b78a9b22427
86adfd52-bd06-442c-bf50-393bb2e7523e,5161e6b2-e2c1-4b25-aea0-49c2674359ef,accused,37456f6d-9210-4301-b09f-b5ef08784bb8
df478a5f-2626-4056-a80e-ddd4d65d59b4,bdb6d588-71f9-4e5a-9059-9aeb7858ab14,accused,379e3623-3b90-45f0-992a-d0bffbf9e43a
846d37b6-b21e-40e1-b500-5aade8ecb289,25ab8b3f-49ca-4dd7-8af6-581e2e31e739,accused,37f432ef-6d15-48d1-bf65-35cf093af063
a526786d-01ce-4d7c-b144-8a024cd6edc3,60e3f69c-d5de-4ac7-8ef1-2d320fe749da,accused,381b269c-c336-41d3-a098-27a69315a46d
10bfb89a-005c-436b-a6c5-ac10541d1778,2616b6ed-9bed-4104-b508-4934d0fd4c88,accused,38a887f7-40b7-4dbe-bbb7-158418e65b07
ec94f6cb-bd9f-472f-9c0e-9caac040c515,19de0621-c7d0-402a-a09d-3b1db38aecf4,accused,399054c6-3293-49a6-876f-00ca83feb4d0
fe4a7eb9-b5cf-4ea2-a503-8636087d579e,d14f9acf-5a19-4643-915c-5f230172f78e,accused,3a211e84-39d8-4656-b7eb-343346f55929
c275123c-f1af-4cc9-b45d-a09c96542f39,d14f9acf-5a19-4643-915c-5f230172f78e,accused,3b77fe61-0ed0-4033-bd74-7738e35abe46
85600f87-7fad-45e2-95e4-9580b59592fa,410bec90-8114-4c19-905e-a5b77972ef47,accused,3b8dc7f2-0376-46be-8fd6-e7b2f732b265
2c3feb6d-2a61-49a0-9873-c0e229e80010,e412d489-ce18-4280-a918-1d1732688bf0,accused,3c0ce1c8-9148-47ba-84b3-2276f4089420
70065162-5524-4cda-bf5f-62654ecc9351,4b9a1bd0-3232-4345-846f-d504197f8732,accused,3d3eb4f5-34df-4ed7-acdf-d8567cd7a171
f0936649-d866-4997-a759-206e844a0d1d,412d51c1-3427-42c0-908e-c804031cf0f6,accused,3d5f5492-b3b4-4134-a1b6-4686c1553200
3d366766-0cd2-44c4-b544-82f3c576a3ef,1aa9f6f7-0876-46bd-9158-b0632c1ab32e,accused,3dd11096-531c-4304-bb55-dc9d86b32051
e30d8313-deae-457d-aa14-117e42b16a1c,e23a92a9-c684-4a2a-8196-0d0a0dcadd22,accused,3f45939c-55e7-4f4a-bbe8-97abb7b0af6a
52c98f67-90ce-4a1d-9851-6c643eebd317,8a6e7a7a-aa95-4516-a062-d58308c32f11,accused,3f4f915e-1534-46f4-b356-9180d0232b20
aba04882-ddfb-49b4-910b-78b8fc10fc06,e29cf33d-3671-4939-bd02-dcd9bc375f60,accused,40e99b3c-5578-4246-945c-1a5cffd28096
be3ca3d1-ccd3-4996-90de-8a28861322d2,412d51c1-3427-42c0-908e-c804031cf0f6,accused,413de2b1-7aac-4d6a-ac92-8f3016ee6429
2c3feb6d-2a61-49a0-9873-c0e229e80010,ed8f808f-e666-4a73-9062-1f8f757442f1,accused,427ff26f-9b1e-4407-9ac2-c8f286880ca7
0801caa4-529c-41f3-8349-71e766678e27,e23a92a9-c684-4a2a-8196-0d0a0dcadd22,accused,4396fe95-29d2-4242-bbe6-8e20cf38b4fa
723568a5-fcfd-4d68-9e84-b4a47e8bb96e,4225fe2b-47a4-4e83-8203-571a0c8e1a68,accused,43d2f780-ad3c-40ba-bfb2-6c3f9929e371
8c9c8f70-2153-4c15-9361-d30f1fe3405c,cfe3055a-c9dc-4cbe-8a5d-d0c7455af61d,accused,44d3e7b4-13ef-466d-a912-aecf9085e277
08ca83b1-e2f8-4c54-b2ed-14198376fdfb,89c54b69-d065-42da-9669-f90f08bb0786,accused,456fbc49-8c80-44f2-9892-fc2d2e72d31b
2422f264-3148-434e-a446-c7cbebe1df90,7ce121c6-0b93-4393-b78e-e04c743c151b,accused,46dcbfe1-7bc9-4568-b978-ac61a5a5c0d5
3d366766-0cd2-44c4-b544-82f3c576a3ef,412d51c1-3427-42c0-908e-c804031cf0f6,accused,476f5311-59c4-4012-96c6-46897e1cf6e9
c1f34a4e-c220-40e7-9013-930e497b4d13,4225fe2b-47a4-4e83-8203-571a0c8e1a68,accused,47d1109c-c7ce-4183-a01e-e1321d847154
3d366766-0cd2-44c4-b544-82f3c576a3ef,410bec90-8114-4c19-905e-a5b77972ef47,accused,485b8497-ecbb-4e9e-bab1-6afee8a969de
969e8f29-9d22-4c34-ba66-402bb85b5779,fc22e458-db85-47dd-8304-d6a9d88c74b2,accused,488fe974-cb68-4737-bf70-d5011a944559
943ce710-4523-46d0-9f32-f576489f9e25,4225fe2b-47a4-4e83-8203-571a0c8e1a68,accused,48ab75bb-8974-47d6-8420-71e41ce83570
73fc1b29-e754-4377-bee1-22ace40a4202,8ce737e6-59b1-4270-85ab-620dc0b22d8f,accused,48bf4578-4025-4d0d-83b2-fe0d49da7da7
1145e997-4746-47b3-aca4-1ddbf4a654ce,fea975d0-6440-4fd0-991c-b824df0f6fab,accused,49571e1d-732a-469e-8c68-d118e1211c75
28c8c48d-649a-4af9-82b3-d948578e8f10,5161e6b2-e2c1-4b25-aea0-49c2674359ef,accused,4a5ce76e-63d1-47cc-b3b8-159444d431f1
8c9c8f70-2153-4c15-9361-d30f1fe3405c,018a82be-ef30-4d91-95f1-128f8857e132,accused,4b4dc42f-7338-4a86-8d31-12fa256b0f29
e30d8313-deae-457d-aa14-117e42b16a1c,7b633f2f-e215-46d6-8552-25eb067bc8e3,accused,4b8c187e-48cf-4017-82e8-bf4fe166c4c4
9e07592c-b505-41a6-b076-0fd79a95d096,89c54b69-d065-42da-9669-f90f08bb0786,accused,4bae3608-d104-4d6e-a835-5eccf25c026c
28c8c48d-649a-4af9-82b3-d948578e8f10,19de0621-c7d0-402a-a09d-3b1db38aecf4,accused,4caf677a-1dbe-45d8-9dfe-02b4a7deff76
a193f9cc-f898-4b70-b844-99674600e826,7b633f2f-e215-46d6-8552-25eb067bc8e3,accused,4d0383e2-e6b2-4513-9600-6fa4e8ddab74
c0dfaf1d-f2ca-4d52-90ec-ff4fb856e1b2,2c56a6a3-cd13-4703-b572-f392128db1a2,accused,4e10ca95-07f3-4d8c-a15e-784f53b7ac82
3aef3e22-366f-4be0-9889-08959b902b6b,2523d823-0618-40c2-b622-d6faf7f16347,accused,4ed86e7b-b8a9-44d4-a798-f1c6c96e3500
d4dba9fa-6595-49f7-b5d7-83ce51de3033,148a2f90-d1d0-44d7-a20a-165816eef71c,accused,4fa5a503-d22c-4a25-83cd-a609588a04aa
d9a87d41-c4cd-470f-9281-ad87440dc111,8ce737e6-59b1-4270-85ab-620dc0b22d8f,accused,511f5b59-bf68-405c-be32-dc9ba2ed4c40
d2831958-a453-4c4d-a263-5145d272a1b5,60e3f69c-d5de-4ac7-8ef1-2d320fe749da,accused,51dbc80c-89bc-4390-bdad-bca4bbefaa91
40cd8e4e-14e6-4d05-b3b0-d9473c268a7d,e23a92a9-c684-4a2a-8196-0d0a0dcadd22,accused,522e46e1-e83d-4d94-926e-1d032326f5a5
0d57e160-1359-4b86-b562-8faac06b05a4,19de0621-c7d0-402a-a09d-3b1db38aecf4,accused,524b8698-97c1-4832-abae-d5f4a706abed
bd5d4ca7-6361-4d25-977b-6734d4047230,738847ff-a086-4b42-a272-b89e0a0d3f3e,accused,5410aaf6-7677-430d-b6f0-e78cbd5d0b41
41c47b88-7120-4385-80b1-d2edbd573775,1aa9f6f7-0876-46bd-9158-b0632c1ab32e,accused,5421b086-ae82-4e70-9549-ccdeab1bea32
bb2e4001-fdb1-43eb-8338-caba9eb978ed,64b8434d-dd78-4775-9224-b4d1cdc73732,accused,548978a8-a546-4166-9bb4-b8f9f5f03bf3
b29427f5-0e46-4496-b4ca-0e09289fb2fa,fea975d0-6440-4fd0-991c-b824df0f6fab,accused,54a29412-690b-44fb-988f-2f54b17f7464
3456d3a0-5019-4b68-a258-0ded5c10a75b,19de0621-c7d0-402a-a09d-3b1db38aecf4,accused,54a43bb2-9ea7-4e69-be7e-f80811f2ca55
f62908f5-cfb5-480e-b0d0-75300bb57b19,19a6a814-a49e-4d85-aa21-a2e8b5709d94,accused,56191b5c-9a62-4cd0-8ac1-320f29969fde
15ddd2a9-c297-4e95-aea2-e0523ee1969d,e66bdb42-023a-48ca-a5f5-0a7a7abfc4c1,accused,56b075fd-aa9a-440c-9026-f477407a5083
6ed43e9c-466c-4a53-8ed4-3c4f62c96c55,0aa539c1-99df-4ac9-b414-a06aabbdf912,accused,5705358f-262a-4446-b09c-e0f3b0ea5cde
02c0f526-a3c1-4c7c-869f-e09847a1bb97,25ab8b3f-49ca-4dd7-8af6-581e2e31e739,accused,5788a3de-3f6d-42a5-acb3-49eef476d8dc
401521c3-89c6-4214-8841-f6893a9360bb,fea975d0-6440-4fd0-991c-b824df0f6fab,accused,578de52c-489c-4e86-bfc8-dd5f16f13056
01833c1d-c1e1-499c-bc8a-8409d9718043,64b8434d-dd78-4775-9224-b4d1cdc73732,accused,5797035b-718f-492d-ab52-d8d70b64d5bb
6faad1b9-5d10-4e20-8fb5-d04b52141a52,fab81283-e4da-49e6-80f8-8f5d03273121,accused,57b9cc30-e883-4794-ae67-a81dfc5b06a2
40ed29a7-62d3-4f9b-86bb-8233ddf0c8e8,d319ae7d-fae7-449e-a3bf-44d2212c2193,accused,57d2172d-5be6-497a-b333-3f0bb6b891b0
0316f05c-12d7-420c-a531-33c55ef8a56a,4225fe2b-47a4-4e83-8203-571a0c8e1a68,accused,583e7f7c-e545-4ce6-9250-94acb6513614
57c4db16-3e63-4463-a62d-bb8280f929d3,58239812-e3cc-4698-a09e-f1704f75854a,accused,584a8bbc-78ec-402e-a813-36bbce14eb0c
ad6cd3df-3982-4684-ba6a-683a96fb25c3,412d51c1-3427-42c0-908e-c804031cf0f6,accused,58c1f22f-994a-4cc3-b1fe-90a3013a835f
6541f1fc-4c3a-4250-8f4c-7f212876147b,1aa9f6f7-0876-46bd-9158-b0632c1ab32e,accused,58c7cefb-9e74-4e5c-9ede-1148462d9705
503acc5a-7482-4bd9-b15e-7ce22dd24af9,89c54b69-d065-42da-9669-f90f08bb0786,accused,5993be0f-6bb1-4c1d-b194-31727299717b
806934b5-3e07-413b-862e-7230904debb1,60e3f69c-d5de-4ac7-8ef1-2d320fe749da,accused,59b635fb-2377-450b-9f8b-e6694875af04
15ddd2a9-c297-4e95-aea2-e0523ee1969d,0dbb13ad-970f-4a79-aba7-71fc48efe02b,accused,5a1ff312-48a2-4850-baaf-f76b726ffcdf
7317963d-c212-439b-bde8-5c1f81f3684b,fea975d0-6440-4fd0-991c-b824df0f6fab,accused,5a823344-5f21-464e-a838-893b72b397d8
be3ca3d1-ccd3-4996-90de-8a28861322d2,5161e6b2-e2c1-4b25-aea0-49c2674359ef,accused,5c23e2e7-ae3c-4592-a550-825c193a3dc1
8550e638-de50-4e0c-a584-bd8a549df769,4225fe2b-47a4-4e83-8203-571a0c8e1a68,accused,5cff99d1-fb1f-4b48-b3dc-0ec838c08821
a4e51de4-62d5-405d-b21b-b716c3f71b06,018a82be-ef30-4d91-95f1-128f8857e132,accused,5d077707-b34f-4d47-9447-8937c959b7be
7527000b-fa59-4293-920f-31c671a4fdb9,ed8f808f-e666-4a73-9062-1f8f757442f1,accused,5d3ba1e6-2468-44c0-80dd-3eafbd6ab6ce
8ed724be-d898-402f-9e5d-7065a1f47c2a,bdb595ca-f4c0-4190-ac69-57695a571d53,accused,5d891343-1350-493f-8be7-6234bb5d9693
f63ad945-662e-443f-aeb9-f9cd92216ec2,018a82be-ef30-4d91-95f1-128f8857e132,accused,5df98b43-aa7c-48ba-93a9-33b93e961b42
cf066420-ebb4-46e5-981a-765f9fe712ad,148a2f90-d1d0-44d7-a20a-165816eef71c,accused,5ed2730e-2b9b-4ea8-a43c-7ac45212fc5a
74502a82-a19a-41a1-a2b0-53dc71d02ad8,23d17823-29fc-40a3-b71a-c40a91481987,accused,5fa02ec6-11b6-487c-ba68-cbb7e96f57c7
3f7db885-6fa6-4152-b71d-2374e7a59e53,8a6e7a7a-aa95-4516-a062-d58308c32f11,accused,6112f008-4727-46e8-a2b3-0e7f657b9b73
f57ba93b-c879-46e5-ab6e-c336f1a85c4c,714dba62-7666-4852-a5b0-60c7209e4c71,accused,6225e8a3-e84b-4be4-9539-3210fcb74833
fe4a7eb9-b5cf-4ea2-a503-8636087d579e,7ce121c6-0b93-4393-b78e-e04c743c151b,accused,627443ef-1270-441f-81bc-a0d19f97cfe0
0d4c51ea-99f5-4921-b240-9ac3b770be63,64b8434d-dd78-4775-9224-b4d1cdc73732,accused,632d2bbd-441b-44e3-a535-e78069f2bb8c
a7e4935a-029a-4bc3-adde-117168293a64,bdb6d588-71f9-4e5a-9059-9aeb7858ab14,accused,633547c7-b3bc-4005-80ba-eb7cdaaabc83
1567f587-eb30-4e18-8598-f423a051d86c,7b633f2f-e215-46d6-8552-25eb067bc8e3,accused,634b14f2-3d50-47c7-8d2f-96772f4c1edb
3d0494f5-d3ca-4610-a787-30591dc7882c,fc22e458-db85-47dd-8304-d6a9d88c74b2,accused,63e96590-fc98-4635-9f12-0622e5713f6a
020e7bb2-1edd-42e1-8021-b75b3fe7cb5d,e66bdb42-023a-48ca-a5f5-0a7a7abfc4c1,accused,65c12b19-5803-4f83-8a3b-bf26baa4dfdc
59552308-2217-4cf4-9b26-b3a27bd70d3d,148a2f90-d1d0-44d7-a20a-165816eef71c,accused,67084cf0-c84b-4934-9420-e1e867eb76fa
ddc52207-261a-4dbd-ac69-408b60c8abfa,cfe3055a-c9dc-4cbe-8a5d-d0c7455af61d,accused,676dae17-bdb2-4545-8e3c-976287258530
b57fd56a-fb02-46b0-95ae-0765a9c17ba0,548087de-3a62-4bae-a367-ad39b7ac41d0,accused,67745b25-7b05-427c-8ae9-37c50f059f75
304bd1f4-c02f-492c-9207-ae71eb637d9b,0dbb13ad-970f-4a79-aba7-71fc48efe02b,accused,677bc601-7d6e-48c9-91bd-a8ebda9bdec7
c7a0d8a8-46c1-4184-ab4d-c3d7f9e8f9b1,2c56a6a3-cd13-4703-b572-f392128db1a2,accused,67925569-42ca-4ccc-af7e-d8ed44f51087
56cfac9b-0b3c-488b-bc0c-feaa2fec713d,19a6a814-a49e-4d85-aa21-a2e8b5709d94,accused,67b5cd47-db43-496c-9cae-584aa9afbea1
ef7dc07c-117d-4cc0-ab44-eca561ec75e9,64b8434d-dd78-4775-9224-b4d1cdc73732,accused,67bf0164-2bd5-4079-b054-2dc2b8b1254a
7b2015da-60e7-4842-b044-ee6b0bba7fc5,1aa9f6f7-0876-46bd-9158-b0632c1ab32e,accused,690e41cb-4379-4961-85c1-19027a42e2fe
d14da96b-746a-4c21-9505-f0f73f4ec4b0,ed8f808f-e666-4a73-9062-1f8f757442f1,accused,6a84c9fb-34e4-4a3a-b20b-65191b2b7e0a
be90b7fb-896b-4377-b8bf-bbbd3cf07700,ed8f808f-e666-4a73-9062-1f8f757442f1,accused,6aa21fd5-fcc2-4786-b7c5-c033efc9b4a9
5d39984d-83d0-47fd-83ed-7c052c48ea23,65ffec8e-40a4-4720-99be-dc3cfc926e4d,accused,6b2af5db-7a72-4114-bfef-c32e7d024453
3a2427ae-4f48-495c-bf0e-aeedba0cb275,abaf5d81-510e-4938-bdaa-bc63588a1723,accused,6bf30b75-d927-4ff8-8fde-9051fc9b0320
3c0631ba-dd76-4fb3-8aae-e8f39616ddfd,58239812-e3cc-4698-a09e-f1704f75854a,accused,6c050476-02ec-453a-90f2-b3a4a5ca6e5c
f60b7670-2e6a-498e-b90f-6290c53c2f1d,e66bdb42-023a-48ca-a5f5-0a7a7abfc4c1,accused,6c2d5b17-e623-494c-9dd5-3cca9a4938f6
59680cd0-102d-46b3-a32b-a40ad89d6041,e23a92a9-c684-4a2a-8196-0d0a0dcadd22,accused,6d99b6fb-0e0e-4f3c-a604-cbfe14bbdc23
f62d87a7-6a50-48ff-ba9a-44020e1c2dfa,7b633f2f-e215-46d6-8552-25eb067bc8e3,accused,6e36b171-7330-4fd1-87f9-ce2706bcb6ab
98d1dadb-dc1c-4180-8634-8f1bce1e8d6c,65ffec8e-40a4-4720-99be-dc3cfc926e4d,accused,6e3cbbc0-78b9-481a-86b6-cd48c5e8f53e
893f4128-03b5-4a37-8924-364cfb66362b,d14f9acf-5a19-4643-915c-5f230172f78e,accused,7023ff98-6e6a-40eb-a86d-71ece39171b0
076116f2-15eb-4fe3-b2d6-2b1cc121d164,d319ae7d-fae7-449e-a3bf-44d2212c2193,accused,708513a4-70d2-47b1-a65e-13ef0f9f55ba
3a2427ae-4f48-495c-bf0e-aeedba0cb275,bdb595ca-f4c0-4190-ac69-57695a571d53,accused,71369c55-5ed3-47c6-bb7f-d33c8ef388c1
2d871ebe-bc0b-4a42-ba1b-a168b205983d,fea975d0-6440-4fd0-991c-b824df0f6fab,accused,713c22ff-7a81-4511-83c1-5b9b8e474778
7317963d-c212-439b-bde8-5c1f81f3684b,ed8f808f-e666-4a73-9062-1f8f757442f1,accused,718d2f07-5bfa-4d0f-8885-20fd2c9288f6
43473b29-3427-41b3-ada5-abb17f364361,fab81283-e4da-49e6-80f8-8f5d03273121,accused,71a361c7-7eb0-4e28-a0d5-95b27a650881
3f895667-1e21-466b-a4ce-8d56c57bcee2,e29cf33d-3671-4939-bd02-dcd9bc375f60,accused,71a910ff-1b99-4b5b-baa7-0c17bf3196ae
41b2c44f-588f-43b5-8780-b8819e5acfe2,5161e6b2-e2c1-4b25-aea0-49c2674359ef,accused,7200835f-c21f-4ceb-911f-5cce6e152f6b
96a65354-f733-4e80-a1e3-6a4c372fdd6b,4225fe2b-47a4-4e83-8203-571a0c8e1a68,accused,7371aa33-4ba7-448c-a87a-a38f39ccbab1
a8f85d8d-3a6b-4bb6-8f4c-197434bf4d20,5161e6b2-e2c1-4b25-aea0-49c2674359ef,accused,73ea0deb-d36a-4027-b2ea-625ad62c9b6b
076116f2-15eb-4fe3-b2d6-2b1cc121d164,2523d823-0618-40c2-b622-d6faf7f16347,accused,74029b47-550f-4f43-a256-ce48649cd393
351d22e3-c50e-4163-9150-2c5bc9991666,19a6a814-a49e-4d85-aa21-a2e8b5709d94,accused,748559d0-6cf2-4397-9e19-f05091fff20a
1f0ea335-b85b-43e1-b040-8ca0e09766a0,7ce121c6-0b93-4393-b78e-e04c743c151b,accused,74a95c5a-189a-494a-b25d-970e51d5c4ef
d4d5d505-4c41-4366-ab92-8f64a981c010,410bec90-8114-4c19-905e-a5b77972ef47,accused,75b27bee-c695-4b50-8b4a-e14261a052df
ca665945-ca53-47d7-a3c4-7c6602d92dca,1aa9f6f7-0876-46bd-9158-b0632c1ab32e,accused,75b9afb2-ed25-4b79-9ff7-041e262fdf52
40ee1e03-a3ba-4840-8df5-d217896e48cb,2616b6ed-9bed-4104-b508-4934d0fd4c88,accused,75f1ad16-773d-4f63-90a8-9dd79336f95b
18b8a1d8-4ceb-41af-a390-8dc38432761a,abaf5d81-510e-4938-bdaa-bc63588a1723,accused,75fc9384-7c36-4df2-beea-c3aad4159161
7527000b-fa59-4293-920f-31c671a4fdb9,714dba62-7666-4852-a5b0-60c7209e4c71,accused,764da028-87ef-4ebd-934a-617f568e8f4b
a0e1d700-5c00-433c-a5de-6ed83a734e2c,4225fe2b-47a4-4e83-8203-571a0c8e1a68,accused,76c2a1d5-2832-43b0-9db1-c92217c70174
48f363e4-00e1-4b1b-8d4c-bc39d28d6503,8ce737e6-59b1-4270-85ab-620dc0b22d8f,accused,77900347-0282-4613-951f-0b6197898686
70065162-5524-4cda-bf5f-62654ecc9351,bdb6d588-71f9-4e5a-9059-9aeb7858ab14,accused,780cfce7-99e3-4d96-b43d-240a977623d6
b29427f5-0e46-4496-b4ca-0e09289fb2fa,bdb6d588-71f9-4e5a-9059-9aeb7858ab14,accused,78b2022a-b643-4fb7-8d05-444bad56da29
eba1ca49-82a9-454f-b55e-80673c995750,d14f9acf-5a19-4643-915c-5f230172f78e,accused,78bc551a-833c-4da0-a40f-06a162a71fd5
3f21556f-5250-430b-8f75-6c5623143ee3,c40419c7-a5fd-4a9e-9f29-c4d17faa33f7,accused,78be680c-827e-4880-ac65-602e649c4c43
7cafbd6e-8803-48dd-b9b8-8e5704265664,d319ae7d-fae7-449e-a3bf-44d2212c2193,accused,78c6ab99-68d8-4344-b903-66c1ddd73304
9b8a91e9-ecda-42eb-88d1-122c21f5d82f,148a2f90-d1d0-44d7-a20a-165816eef71c,accused,796feccb-43e7-426f-89e4-95d2089b3a57
efa71772-ebad-448c-840e-b9a6a4c3e96d,8ce737e6-59b1-4270-85ab-620dc0b22d8f,accused,7986a077-d91f-4c48-87e2-fb51f5d80d0e
d4695755-3f3b-44de-90d1-ac4d7b90fd8f,19de0621-c7d0-402a-a09d-3b1db38aecf4,accused,79920de7-0015-4e68-938d-244b12165e79
806934b5-3e07-413b-862e-7230904debb1,8a6e7a7a-aa95-4516-a062-d58308c32f11,accused,7b015ad9-3237-407d-ade7-64646ef3fc65
3b01d84a-3b88-4531-a843-f495db7a5d9a,fab81283-e4da-49e6-80f8-8f5d03273121,accused,7b28cf98-ba2a-412e-96e6-8297af9e6a03
7206a62c-23f1-4c31-b15b-50b927ba4e8b,bdb595ca-f4c0-4190-ac69-57695a571d53,accused,7becf9c9-7521-45ed-a768-8a905f7fc858
c3059bd8-7d9f-4f15-9318-fcb38c7ff432,31a38468-2fa2-4b4b-83b5-d3f1011b9d89,accused,7c4a099f-2c33-4044-86ad-e5265b507af6
fb8b03a0-b73b-48ce-aaf8-6a772b320813,64b8434d-dd78-4775-9224-b4d1cdc73732,accused,7d6155fb-65e9-4c2f-b256-6b8f4b782ad6
c40af2d3-ca38-49b1-9ed5-25c5c8fc2018,58239812-e3cc-4698-a09e-f1704f75854a,accused,7dbbb94e-3803-4a61-aa3f-734d2c44cc2f
5917e25a-2ee3-46eb-a033-8d420515cf56,412d51c1-3427-42c0-908e-c804031cf0f6,accused,7dc2c3e2-70a6-4d5a-9d94-cfe304f236ab
c3bf9e8a-52c7-4cb5-91fe-3d6f337bf960,410bec90-8114-4c19-905e-a5b77972ef47,accused,7e89d40f-adb1-4651-8b12-6b886111fbf1
d5967e65-76a4-4a78-9922-6afe0605433a,1aa9f6f7-0876-46bd-9158-b0632c1ab32e,accused,7eac6d32-9b03-4506-b8c8-9a22adc2bea2
49eefbaf-a9ef-4c91-967e-3eca3c6a2b7c,738847ff-a086-4b42-a272-b89e0a0d3f3e,accused,7ecc348f-403b-47a5-953a-9758b8d0cd5a
b188454f-9c87-404b-a200-702aeacbb2e4,c40419c7-a5fd-4a9e-9f29-c4d17faa33f7,accused,7f9d6d89-395d-49ab-a5c6-9c15f8191f21
2d871ebe-bc0b-4a42-ba1b-a168b205983d,0aa539c1-99df-4ac9-b414-a06aabbdf912,accused,7feffcd4-0a7c-4e21-a89b-db9cc082af0d
3ca01494-a635-4fed-b72d-876043ee97d9,412d51c1-3427-42c0-908e-c804031cf0f6,accused,81367038-debb-4227-a04c-7cc8c8621810
dd91492e-ea07-41c6-b080-63529ba95ba3,ed8f808f-e666-4a73-9062-1f8f757442f1,accused,816739bd-274f-439d-b58f-cbbcf2dc3866
95526fec-cd39-4bac-a004-f1374ede0821,fea975d0-6440-4fd0-991c-b824df0f6fab,accused,81c052e0-2b93-4c9e-8072-300c234487c8
72b9ab25-0d33-4cae-9082-deea426f94e4,d14f9acf-5a19-4643-915c-5f230172f78e,accused,8301581d-3ff9-4f7f-8549-3301aa0b0c92
087ddb9f-14b9-4280-a045-caa56f4d16b9,4ea921f4-e436-47ef-b9fc-08d469138a6d,accused,83cdba7f-4255-4d2f-b1e4-05a92a482d36
21df018e-2e19-4ecf-a55b-12704293c2e9,738847ff-a086-4b42-a272-b89e0a0d3f3e,accused,83f1717f-ab1f-4a64-984d-8415f57e7a5c
3ac32e89-8e86-4d48-a432-503c418e2574,0997c34d-ad5a-498f-8847-55e7a86de24f,accused,8402635a-998d-4c69-938c-a2f29df2ee7a
a169ebac-00bb-4a0b-b28e-f56e4d1a07c2,58239812-e3cc-4698-a09e-f1704f75854a,accused,847483e2-4753-4f7a-b219-e06083808439
a13a1278-ca80-4fbe-8732-fa82e4721781,89c54b69-d065-42da-9669-f90f08bb0786,accused,84e3257b-1984-4832-b512-6d9e2e89e82b
fbf13e45-72da-48b2-945a-982beef533ca,19a6a814-a49e-4d85-aa21-a2e8b5709d94,accused,85ae93ef-88d0-420b-a103-2239944f588b
be90b7fb-896b-4377-b8bf-bbbd3cf07700,89c54b69-d065-42da-9669-f90f08bb0786,accused,8745b7f7-a3e3-4644-a42f-a1a0f2754424
4934a590-0190-46c6-a88a-474e35a7f4c7,4b9a1bd0-3232-4345-846f-d504197f8732,accused,87b7dba6-e1df-4ac0-9c03-234ec5764af0
a1e38a00-99cc-4bc0-9dfc-8eee0988889b,2616b6ed-9bed-4104-b508-4934d0fd4c88,accused,88b5fa6a-c332-41ab-93cf-acfcf82d105a
fd451e5c-3295-407a-a3d6-e5f9ed1c327b,0dbb13ad-970f-4a79-aba7-71fc48efe02b,accused,894f88e0-bb98-4689-ae1a-ae222a7f4e6e
01af1bca-a38c-47d3-9ccb-c99618b164a2,19de0621-c7d0-402a-a09d-3b1db38aecf4,accused,895c9c72-9e93-4682-ae48-6423032981df
78d9dcf8-7914-40a9-b2fc-be982b9a7eff,018a82be-ef30-4d91-95f1-128f8857e132,accused,8aa6a65e-3464-4805-9db7-376a8b65390a
5cfc7888-f752-4adb-886d-c01fb8ff8dc4,5161e6b2-e2c1-4b25-aea0-49c2674359ef,accused,8b75c1d8-40c6-4733-84d6-51129e71027d
9fd3ca9b-0f29-46aa-bb67-5c16d8dd8d93,714dba62-7666-4852-a5b0-60c7209e4c71,accused,8c4eef41-5eef-44b2-9aad-7afc85d57a2e
3b5672aa-2b5e-424a-b78d-f54e72a55a1c,e412d489-ce18-4280-a918-1d1732688bf0,accused,8c598ef2-82ce-48d6-af23-b2980fe21a4d
049f8368-f026-454e-908d-178566c01883,7ce121c6-0b93-4393-b78e-e04c743c151b,accused,8d429e97-f56d-41f8-9766-f0d1545cc939
456664f7-b981-4efa-853f-7d1ee6621fdd,d14f9acf-5a19-4643-915c-5f230172f78e,accused,8dca7690-5a69-48c8-bdeb-b44461c59e5b
f2599575-c0c8-4a2f-9b91-b17933b3b894,e66bdb42-023a-48ca-a5f5-0a7a7abfc4c1,accused,8e1daa5a-e5c3-4302-b96d-2ff81cfd4d6a
9725b557-de0f-4f69-86a1-93db1972e1c0,e412d489-ce18-4280-a918-1d1732688bf0,accused,8ea5e16c-db14-465b-8b68-783da6b88aaf
f829b077-efcf-4a06-9815-672f91123049,714dba62-7666-4852-a5b0-60c7209e4c71,accused,8ebf18e7-0540-4cd3-a161-d6c071660f54
b2f32b8d-5bb2-4285-a790-6de854b0d53b,c05c81b2-c782-455e-be3f-8ac22ed75c9c,accused,8ef17b27-21e2-4f46-bdfe-2fa7c1c0d849
e28d3b25-e405-4d6d-b9bc-4fd122572bd0,64b8434d-dd78-4775-9224-b4d1cdc73732,accused,8fa54d32-0753-4e80-99e3-572acc9a828d
6faad1b9-5d10-4e20-8fb5-d04b52141a52,72b203cc-1aef-4aa5-afa5-98830c486d26,accused,90e316f5-c07c-4fb5-adf2-614554631f85
43df5cd3-228e-4f4d-9de4-1b62e1e61811,e23a92a9-c684-4a2a-8196-0d0a0dcadd22,accused,915f6e06-32e8-4a77-9da8-acc0cc673f0c
04b54b35-fcce-4fb8-b8c6-1e6703d1fe01,4b9a1bd0-3232-4345-846f-d504197f8732,accused,91999f04-d6d5-4745-8f6f-655013fa7773
cb9e17e6-e00f-47ed-b72b-3f8f57244cc1,018a82be-ef30-4d91-95f1-128f8857e132,accused,91d7c458-0580-410b-855f-f41cda02dc05
b2966d3b-6479-48c1-bedc-f2b630f43b06,c05c81b2-c782-455e-be3f-8ac22ed75c9c,accused,92701180-62b4-4df4-b5d9-ebfa1f51f8c8
7425cd5c-4d66-4bd4-85f8-6367fb61cd76,64b8434d-dd78-4775-9224-b4d1cdc73732,accused,93d319d3-a65f-433d-8a2a-b3541d28854b
c40af2d3-ca38-49b1-9ed5-25c5c8fc2018,548087de-3a62-4bae-a367-ad39b7ac41d0,accused,94792f58-efb1-4329-958b-82f6e8741394
2138306d-7485-4d0f-b585-8255456c4642,2c56a6a3-cd13-4703-b572-f392128db1a2,accused,96a2b2d1-a380-4d1b-aac7-f3f91ef46c88
4d24e794-4e39-4bdc-8440-df3ec800e41f,2c56a6a3-cd13-4703-b572-f392128db1a2,accused,96b44eb8-3e60-45fa-9156-2b7a0f50898a
3df13b09-aaa4-4f2d-ae9a-50858c9e453e,1aa9f6f7-0876-46bd-9158-b0632c1ab32e,accused,981eda20-c927-4b67-bdcd-a3a7bb66d1d0
75cdebf2-3e12-4fe8-aeef-aa0e01668671,7b633f2f-e215-46d6-8552-25eb067bc8e3,accused,98d8d7ca-66f4-4058-9495-be23e096d4cc
359d6072-28b0-4806-bc8e-6aa4a4bb3102,58239812-e3cc-4698-a09e-f1704f75854a,accused,9a713d1d-cdf5-4a13-b794-85b78cb04e27
c0dfaf1d-f2ca-4d52-90ec-ff4fb856e1b2,72b203cc-1aef-4aa5-afa5-98830c486d26,accused,9ab2e9cc-8c69-4c5a-823f-e01fab0087f0
fd9aa433-32c7-4dd4-a8ab-4b2f0b7c6e9e,19de0621-c7d0-402a-a09d-3b1db38aecf4,accused,9abae29c-74c3-4ae7-a961-c894f240156c
a664766a-d37c-46ef-8414-c039acd1428a,8ce737e6-59b1-4270-85ab-620dc0b22d8f,accused,9afe9e97-7af7-4d0e-bde1-63357ce42421
701239ed-3494-4e3c-a7ed-4077f8946027,60e3f69c-d5de-4ac7-8ef1-2d320fe749da,accused,9cc1cf5b-a1dc-419d-b7a2-8b1a401afa8c
c39882b7-f1b3-49be-82b1-b7860512b226,4ea921f4-e436-47ef-b9fc-08d469138a6d,accused,9d004254-84c6-490a-a423-cd72865ea8c1
98fb2f56-4c72-40ab-a91d-aa2ff526d5ea,2523d823-0618-40c2-b622-d6faf7f16347,accused,9e26b2f0-b0ff-4e46-9cb0-3771e3215d69
8eb8e185-e89e-4ab6-b808-d104c6a0dc91,7ce121c6-0b93-4393-b78e-e04c743c151b,accused,9e7ade8c-33a6-422a-8de1-6a0ad28b15d2
8cccbb9e-013d-4e43-a3d5-a8b774892e8d,25ab8b3f-49ca-4dd7-8af6-581e2e31e739,accused,9ef69f28-554c-4ae4-af05-449309810eb6
86f77297-707c-4ab0-9eff-75f5d89cc0df,ed8f808f-e666-4a73-9062-1f8f757442f1,accused,9f549f28-3f61-47ca-a1e9-7c6d6193d3ef
7815d9b8-b6d3-4836-9312-d19920ef08f2,2616b6ed-9bed-4104-b508-4934d0fd4c88,accused,9f65a3ba-0d40-40e9-80da-8cdc6a632599
6faad1b9-5d10-4e20-8fb5-d04b52141a52,25ab8b3f-49ca-4dd7-8af6-581e2e31e739,accused,9f773684-2846-4f9e-8efd-ad43733d19af
6deb6a52-5803-4552-8dfd-2a04518cfceb,89c54b69-d065-42da-9669-f90f08bb0786,accused,9fa30a5a-bbff-4103-a0be-d79aaaa45930
ddc52207-261a-4dbd-ac69-408b60c8abfa,0997c34d-ad5a-498f-8847-55e7a86de24f,accused,a02bc6f0-c779-4c7e-a779-b6912d069ca5
98fb2f56-4c72-40ab-a91d-aa2ff526d5ea,d319ae7d-fae7-449e-a3bf-44d2212c2193,accused,a052d249-b6ba-411b-bab5-60f963666a03
539e4c6a-cb37-4ac8-b051-aa8ec9146480,19a6a814-a49e-4d85-aa21-a2e8b5709d94,accused,a0c7829c-e887-4d23-b0b1-157de2536b02
3f21556f-5250-430b-8f75-6c5623143ee3,412d51c1-3427-42c0-908e-c804031cf0f6,accused,a0dd63b2-cf1d-41e1-8d4f-cfab68e3f79c
9fd3ca9b-0f29-46aa-bb67-5c16d8dd8d93,d14f9acf-5a19-4643-915c-5f230172f78e,accused,a123d8fe-a21e-4408-a083-70021c3b6d73
c0dfaf1d-f2ca-4d52-90ec-ff4fb856e1b2,2616b6ed-9bed-4104-b508-4934d0fd4c88,accused,a19f0571-a479-4cb8-938d-de3b6691355e
34dc755e-8d86-4a68-971f-4109a2238f5e,65ffec8e-40a4-4720-99be-dc3cfc926e4d,accused,a3a74c10-6b7b-4ace-9e42-95b584e8ed88
d9a87d41-c4cd-470f-9281-ad87440dc111,0aa539c1-99df-4ac9-b414-a06aabbdf912,accused,a3e3a567-8a85-4366-bba3-35da22da4017
3c0e3b42-dbcb-4b91-a36e-9aa90cf270e3,ed8f808f-e666-4a73-9062-1f8f757442f1,accused,a4c63dc0-7e78-40eb-9204-4daf003d3d4f
b2bfdc5f-9310-4d12-8e3e-f50c378d307e,2523d823-0618-40c2-b622-d6faf7f16347,accused,a5308458-2ffc-4ec2-b8b6-7286c3b178cf
be90b7fb-896b-4377-b8bf-bbbd3cf07700,548087de-3a62-4bae-a367-ad39b7ac41d0,accused,a54e4d68-ce99-4c91-aa19-f4d19847990c
b2966d3b-6479-48c1-bedc-f2b630f43b06,738847ff-a086-4b42-a272-b89e0a0d3f3e,accused,a5d1efe9-1b01-490f-9e02-f28d5f61385d
b188454f-9c87-404b-a200-702aeacbb2e4,0aa539c1-99df-4ac9-b414-a06aabbdf912,accused,a6ab8759-c4f6-4cdb-b2a5-f7f8e215a34e
15ddd2a9-c297-4e95-aea2-e0523ee1969d,750ba888-4440-4c9a-b1b2-9caafbd5b106,accused,a6de8631-1fde-4906-8aea-1d8014021ce4
ecfde32e-907e-4fac-9f67-69a3b72bc9cc,412d51c1-3427-42c0-908e-c804031cf0f6,accused,a6f8c475-5ce0-4f11-ac0c-64c601d7ab74
f9e750b8-5307-433c-991e-2824c58ae792,65ffec8e-40a4-4720-99be-dc3cfc926e4d,accused,a803f6e0-893f-4e92-b381-5585e77f7a83
124b3cca-8396-43ad-8f73-8609d1ce7394,148a2f90-d1d0-44d7-a20a-165816eef71c,accused,a8083453-292b-4a58-b502-37e9f76b49f6
24e56698-0568-4be7-a8b4-1681d3edc081,e412d489-ce18-4280-a918-1d1732688bf0,accused,a8a063ab-f4ff-45cb-b347-c7dbc3f85c66
776a3557-9bc9-4ba5-986e-ba697727a410,8a6e7a7a-aa95-4516-a062-d58308c32f11,accused,a8cc886d-de66-4667-97d5-e5e53d44d08b
b0622c9e-bc0b-4344-a74f-f500ac6a9ea1,0dbb13ad-970f-4a79-aba7-71fc48efe02b,accused,a92fd347-23c2-4acd-8695-99cf129b0a21
57c4db16-3e63-4463-a62d-bb8280f929d3,8a6e7a7a-aa95-4516-a062-d58308c32f11,accused,a95fa04b-6d7e-4737-86c1-a54210c9719a
afe66182-237e-4c91-97ca-48123059d738,65ffec8e-40a4-4720-99be-dc3cfc926e4d,accused,a961777e-db75-4b6c-8c45-b83eebb95bbe
8f0d8a22-1242-4c74-8f90-126e08eaf79f,65ffec8e-40a4-4720-99be-dc3cfc926e4d,accused,aaf786b4-1bcc-43e4-8293-1d337bce3451
7420602a-80fe-485e-b790-dbe10fc2201c,19de0621-c7d0-402a-a09d-3b1db38aecf4,accused,abab8889-61f0-4d03-b14e-85b2c085d684
43df5cd3-228e-4f4d-9de4-1b62e1e61811,fab81283-e4da-49e6-80f8-8f5d03273121,accused,ac58c4b7-cf03-48a3-b457-2e17d956ae47
c1775cbe-d0fa-4849-a596-fa28e35dcd26,4ea921f4-e436-47ef-b9fc-08d469138a6d,accused,acc1bcff-41ed-4766-87e4-50da1b7cc897
43b12759-f4d6-4bd3-a052-8de038b3f077,bdb6d588-71f9-4e5a-9059-9aeb7858ab14,accused,acdb4202-2db6-4eda-8bde-6fd90db3c13c
f60af083-98c3-4919-ab51-e71e0ecb74ea,1aa9f6f7-0876-46bd-9158-b0632c1ab32e,accused,aefbe040-50ea-4137-96f1-9466f95b832e
6a988af3-68fb-4be6-806c-e48d978ee968,25ab8b3f-49ca-4dd7-8af6-581e2e31e739,accused,b0c102f6-d497-4213-9e16-271685984bba
cf9d0a84-2e07-420a-bb66-65d0db7097c8,0997c34d-ad5a-498f-8847-55e7a86de24f,accused,b0efb646-cbcd-44b7-9a3f-cec82b4c638f
8ecffe88-307b-49f4-80dc-a6c4c205cb9c,72b203cc-1aef-4aa5-afa5-98830c486d26,accused,b0f6c313-c67c-4289-b0b4-ac8f0d3d58c0
d99d28af-e95b-48a9-a906-b3a3429cfb3b,19a6a814-a49e-4d85-aa21-a2e8b5709d94,accused,b248c341-1369-45fc-96ab-95d289f46fa0
8421879e-2da7-4a7e-aab9-31dd387ac55f,2616b6ed-9bed-4104-b508-4934d0fd4c88,accused,b24ef663-5e05-458d-b429-85502ddb78ca
a0da7172-01ae-4bab-8750-657f0615dd81,410bec90-8114-4c19-905e-a5b77972ef47,accused,b274b1ff-3170-40e2-a106-2c97d47d86a5
f0936649-d866-4997-a759-206e844a0d1d,7b633f2f-e215-46d6-8552-25eb067bc8e3,accused,b2836a75-ee18-454b-b887-f72fc021a97f
6deb6a52-5803-4552-8dfd-2a04518cfceb,714dba62-7666-4852-a5b0-60c7209e4c71,accused,b3176d11-36f7-480e-b430-9d4eb3859e3a
ddb368e5-5e2b-44ce-9620-61e328ce3176,d14f9acf-5a19-4643-915c-5f230172f78e,accused,b38a5a48-c409-42a8-b1ee-566c63020ff9
2cd03bf2-8dec-4e13-a2c3-2ac0492e579d,89c54b69-d065-42da-9669-f90f08bb0786,accused,b3c9afc6-0915-4295-be1e-67adcb8357b2
2cd03bf2-8dec-4e13-a2c3-2ac0492e579d,fea975d0-6440-4fd0-991c-b824df0f6fab,accused,b452a00e-a139-47ee-9c10-9af1d23e589a
3b5672aa-2b5e-424a-b78d-f54e72a55a1c,19a6a814-a49e-4d85-aa21-a2e8b5709d94,accused,b47dc23f-20cc-4289-a902-5ce356b53ab3
7b2015da-60e7-4842-b044-ee6b0bba7fc5,19a6a814-a49e-4d85-aa21-a2e8b5709d94,accused,b4f903bf-4bda-4ef8-8534-589157990629
f45d7b03-ef22-4d18-9a93-74b9e6a60f4f,e66bdb42-023a-48ca-a5f5-0a7a7abfc4c1,accused,b5161dd7-25d8-4923-ab37-18d27f4c2562
723568a5-fcfd-4d68-9e84-b4a47e8bb96e,abaf5d81-510e-4938-bdaa-bc63588a1723,accused,b5dc1c5a-b403-4a07-8732-36acaa470944
bb49533f-1a06-40fa-9caa-f3193e69214f,018a82be-ef30-4d91-95f1-128f8857e132,accused,b633752f-5449-4ac6-97ac-527b1be41792
e64dbf86-e52c-4220-8b1e-e29d7b97d0aa,4b9a1bd0-3232-4345-846f-d504197f8732,accused,b7c445f8-ac0a-4970-8263-dd451ea734cd
a1b99df0-a1d1-4ed7-808d-dd880f800407,018a82be-ef30-4d91-95f1-128f8857e132,accused,b944e346-0f37-4456-8a70-53708ae70ef5
afe66182-237e-4c91-97ca-48123059d738,4ea921f4-e436-47ef-b9fc-08d469138a6d,accused,ba22863b-0668-41f7-be4d-6f598cd658d7
50aa8eb3-465b-4e7c-93bc-f402396d3684,64b8434d-dd78-4775-9224-b4d1cdc73732,accused,ba370328-925e-4aab-979d-ee5efa94e7bf
7aa418ca-653a-4571-9da5-95102c9b9856,0aa539c1-99df-4ac9-b414-a06aabbdf912,accused,bc21b574-3949-45be-8bbf-a6e105458739
b6dce4c9-38f6-42bf-87c5-c1e121ecbf41,e23a92a9-c684-4a2a-8196-0d0a0dcadd22,accused,bc69df24-6480-4fb6-a2e5-c49170d027b6
56cfac9b-0b3c-488b-bc0c-feaa2fec713d,60e3f69c-d5de-4ac7-8ef1-2d320fe749da,accused,bcc672ee-a7ed-4a5e-9b30-74dd51da4ee0
3219327e-289f-41a0-b738-7b85e9592a23,e412d489-ce18-4280-a918-1d1732688bf0,accused,be8ce2d3-51a9-49ba-8495-0388118e428a
c6a615c9-f165-4c3e-8fbe-dee9bbb98340,8a6e7a7a-aa95-4516-a062-d58308c32f11,accused,c077f444-f330-4135-82c1-9775699bfaa4
51e2f72b-e006-4a43-abe7-de2db57d0d50,19a6a814-a49e-4d85-aa21-a2e8b5709d94,accused,c0e47389-81d2-4684-b6d3-ec8583501252
969e8f29-9d22-4c34-ba66-402bb85b5779,0dbb13ad-970f-4a79-aba7-71fc48efe02b,accused,c1fdd298-241b-477d-b903-f3dfe119c3dc
3df13b09-aaa4-4f2d-ae9a-50858c9e453e,548087de-3a62-4bae-a367-ad39b7ac41d0,accused,c2148d87-1bd4-4cec-aff6-ee6c5a06a486
c3059bd8-7d9f-4f15-9318-fcb38c7ff432,750ba888-4440-4c9a-b1b2-9caafbd5b106,accused,c23e28b6-057a-41b0-aebf-feec4d4626e1
aab17513-b4f1-4d6f-9def-f2b067e038f8,412d51c1-3427-42c0-908e-c804031cf0f6,accused,c361ec64-c0c0-4b77-a0db-ec2519c768bf
d4dba9fa-6595-49f7-b5d7-83ce51de3033,2c56a6a3-cd13-4703-b572-f392128db1a2,accused,c3ef5e0b-943b-48a8-a726-5cadc5b50528
776a3557-9bc9-4ba5-986e-ba697727a410,bdb6d588-71f9-4e5a-9059-9aeb7858ab14,accused,c4775a3b-38a5-465e-ac1f-1a1942ceab37
a2b7785d-ae0a-48eb-947f-d534ef685dbc,bdb6d588-71f9-4e5a-9059-9aeb7858ab14,accused,c4a09fe2-2779-468e-8fa5-f627d052ea19
1ba22e49-a9cb-4b64-b4ad-442abc811d0e,4b9a1bd0-3232-4345-846f-d504197f8732,accused,c4aad73c-c1de-4d69-a56a-d4c18e47acdd
4a02ee57-499e-4e63-a812-0dc196f28db2,c05c81b2-c782-455e-be3f-8ac22ed75c9c,accused,c599dc69-f826-4701-93f1-7e0d25ed1670
7815d9b8-b6d3-4836-9312-d19920ef08f2,abaf5d81-510e-4938-bdaa-bc63588a1723,accused,c5ce95b2-a8ce-442c-92d6-f2b75757d175
73a9ed5c-b20c-40e3-8a52-4e90d07c32fa,2c56a6a3-cd13-4703-b572-f392128db1a2,accused,c6c9bfb8-c8f9-4d1f-8648-6047b7095cbb
3a2427ae-4f48-495c-bf0e-aeedba0cb275,bdb6d588-71f9-4e5a-9059-9aeb7858ab14,accused,c6dbae55-a84c-4dde-a05d-4782ec98a44c
c3873605-23d2-44d9-bc51-214a9e001241,0dbb13ad-970f-4a79-aba7-71fc48efe02b,accused,c7c45f47-be1c-45ae-8888-f9224423e249
4f216eea-850b-49c0-b76d-d5d424d1922e,fab81283-e4da-49e6-80f8-8f5d03273121,accused,c82d9c85-bfa5-4407-843b-f59ffb7bdfca
3c0e3b42-dbcb-4b91-a36e-9aa90cf270e3,714dba62-7666-4852-a5b0-60c7209e4c71,accused,c8386133-6f9c-48b6-bd0f-c12ae99a1aaa
e28d3b25-e405-4d6d-b9bc-4fd122572bd0,19de0621-c7d0-402a-a09d-3b1db38aecf4,accused,c91350c3-6cd5-4af8-a71d-0625622fded3
7aa418ca-653a-4571-9da5-95102c9b9856,cfe3055a-c9dc-4cbe-8a5d-d0c7455af61d,accused,c922141c-b3c6-43c9-b4db-fd87891be13c
4d780866-18d4-4b93-b9b4-5aad2e699543,72b203cc-1aef-4aa5-afa5-98830c486d26,accused,ca3418ef-f2cd-4e10-aada-b7052c5199cb
f5c174eb-78d3-4be6-9b91-479c60bb98d1,714dba62-7666-4852-a5b0-60c7209e4c71,accused,ca80b71b-3930-45fe-b7b6-4137ea374194
c1f34a4e-c220-40e7-9013-930e497b4d13,19de0621-c7d0-402a-a09d-3b1db38aecf4,accused,cae69e38-4ac7-414d-9be0-2dd904964fee
5db7dfb3-4a4d-49b6-886c-17f6f9c4e30e,7ce121c6-0b93-4393-b78e-e04c743c151b,accused,cae96715-3452-4c43-bd09-596dc32c96fe
75cdebf2-3e12-4fe8-aeef-aa0e01668671,bdb595ca-f4c0-4190-ac69-57695a571d53,accused,cb90518d-7d93-49dc-91f8-fb51a352f287
d9e04b0e-de7c-4f81-b7d9-bb514998025b,4225fe2b-47a4-4e83-8203-571a0c8e1a68,accused,cbd8aba9-6c7a-4f1a-ae65-7b7377b2892d
a0da7172-01ae-4bab-8750-657f0615dd81,fc22e458-db85-47dd-8304-d6a9d88c74b2,accused,cc296ed5-b680-4bc2-abf3-0fc08be7812c
b2966d3b-6479-48c1-bedc-f2b630f43b06,8ce737e6-59b1-4270-85ab-620dc0b22d8f,accused,cd947f83-f1eb-4e18-bffb-c4468eb39e1e
fc265985-89ca-4439-91e5-1c7bfd4ad4d6,bdb595ca-f4c0-4190-ac69-57695a571d53,accused,cffdbca6-dca8-4807-a7ff-dd0abef4241e
43df5cd3-228e-4f4d-9de4-1b62e1e61811,19de0621-c7d0-402a-a09d-3b1db38aecf4,accused,d02dc4f9-321b-4fcf-9cf5-9638f9573a8c
f0936649-d866-4997-a759-206e844a0d1d,c05c81b2-c782-455e-be3f-8ac22ed75c9c,accused,d0617e40-4a91-480b-b9ae-c911cdb6bcd3
63b70fd1-d496-4c22-a76e-44053a0f202f,4225fe2b-47a4-4e83-8203-571a0c8e1a68,accused,d06370c8-436e-4de4-8619-751273c10174
fb8b03a0-b73b-48ce-aaf8-6a772b320813,2c56a6a3-cd13-4703-b572-f392128db1a2,accused,d070697a-4ad2-43b2-af9e-4897cc04ce58
b29427f5-0e46-4496-b4ca-0e09289fb2fa,2c56a6a3-cd13-4703-b572-f392128db1a2,accused,d07fd68e-f763-4f31-aacb-8b8ead000926
d4dba9fa-6595-49f7-b5d7-83ce51de3033,64b8434d-dd78-4775-9224-b4d1cdc73732,accused,d144db10-8f5a-430a-9668-f66454986dd6
d2fde8c8-e028-47a4-a3cb-2178105f4d9c,ed8f808f-e666-4a73-9062-1f8f757442f1,accused,d2ecc84f-37a4-473e-a9a0-42b8adf50bd8
45cfca5b-8efb-4e80-ac1c-4526fe833eb2,5161e6b2-e2c1-4b25-aea0-49c2674359ef,accused,d306def7-955c-492a-86e6-6569cd5f3863
4c1d700d-d4a1-4ebc-a841-fd604468db35,c40419c7-a5fd-4a9e-9f29-c4d17faa33f7,accused,d30cce32-70b5-4dd4-bf55-2afb6453b7e8
ec9e997b-46fd-41fe-9548-e664f1368717,2616b6ed-9bed-4104-b508-4934d0fd4c88,accused,d4922c4c-4989-4897-ab94-fa36686aabe0
351d22e3-c50e-4163-9150-2c5bc9991666,c05c81b2-c782-455e-be3f-8ac22ed75c9c,accused,d4926b5e-ca3a-4e00-a3dc-fa382c5b7945
ce9c7095-ee1a-40de-9445-4e22f8eabe6f,1aa9f6f7-0876-46bd-9158-b0632c1ab32e,accused,d59123e5-50cf-43e2-8e63-cc3d3179a95d
0801caa4-529c-41f3-8349-71e766678e27,1aa9f6f7-0876-46bd-9158-b0632c1ab32e,accused,d5a788f7-ca0f-428d-b980-13485b6ec6ee
7420602a-80fe-485e-b790-dbe10fc2201c,abaf5d81-510e-4938-bdaa-bc63588a1723,accused,d660dfad-17d2-4fd2-832e-dc407e79c2dc
af166348-0d47-4943-bc19-f90c31dfbb9f,bdb595ca-f4c0-4190-ac69-57695a571d53,accused,d669db16-f413-435e-ab7f-7ff1b27c9bb4
8a963c5b-791c-4505-b844-20d73dd87cdd,1aa9f6f7-0876-46bd-9158-b0632c1ab32e,accused,d683405f-26f0-44e1-ae25-48990d74c3d2
650cfb49-4461-4286-b99e-261dd081531d,72b203cc-1aef-4aa5-afa5-98830c486d26,accused,d6d02b99-cdc5-46a1-923a-b9d7398b3468
98fb2f56-4c72-40ab-a91d-aa2ff526d5ea,23d17823-29fc-40a3-b71a-c40a91481987,accused,d79d4751-ac8c-490d-85b7-7a6966b481b7
116f660d-6ac4-46de-a344-b3286d0cb128,bdb6d588-71f9-4e5a-9059-9aeb7858ab14,accused,d965a913-72ac-4656-84e0-0b983fa69ebc
e6146d07-3616-4ad0-b71c-6e06b6c859d5,4b9a1bd0-3232-4345-846f-d504197f8732,accused,da2fce56-2dde-4966-9b04-a7976fb824d4
76f07aee-b4c9-4822-a0a1-ffa44306f00b,148a2f90-d1d0-44d7-a20a-165816eef71c,accused,daa32ca5-94b7-41c6-8561-0b0668778b76
8a1963de-407a-46d9-864f-ab3b7ac60f92,018a82be-ef30-4d91-95f1-128f8857e132,accused,dab9741e-8f61-45f2-b075-fb94220ea34b
fa0005e3-63e3-4f65-b611-9ee396f5e934,64b8434d-dd78-4775-9224-b4d1cdc73732,accused,dba07e75-c571-4f86-9e01-dbf2db662de6
0d57e160-1359-4b86-b562-8faac06b05a4,d319ae7d-fae7-449e-a3bf-44d2212c2193,accused,dbbf45a3-dd21-44c2-a3fe-916a9689c924
4920803b-fb4f-4794-a1b6-94905aa251f1,e66bdb42-023a-48ca-a5f5-0a7a7abfc4c1,accused,dd8acc14-7962-4cea-a432-4a780ad81cdc
bcbb0898-8887-4718-b345-b6905b09a437,23d17823-29fc-40a3-b71a-c40a91481987,accused,ddc6b4b1-7d3b-455f-8fa2-db692a94659b
f57ba93b-c879-46e5-ab6e-c336f1a85c4c,0aa539c1-99df-4ac9-b414-a06aabbdf912,accused,e03dd8f9-4587-4686-8061-a4f842cfb120
77326eeb-3e43-42bd-ac21-e2013c111562,19de0621-c7d0-402a-a09d-3b1db38aecf4,accused,e0874806-3196-4299-a0ce-6d0a12b39f76
f62d87a7-6a50-48ff-ba9a-44020e1c2dfa,fc22e458-db85-47dd-8304-d6a9d88c74b2,accused,e097f605-aa72-4bcd-bbd8-733797bdcb2d
24e56698-0568-4be7-a8b4-1681d3edc081,cfe3055a-c9dc-4cbe-8a5d-d0c7455af61d,accused,e0c37597-4f60-4a5b-910e-dee743803b84
40cd8e4e-14e6-4d05-b3b0-d9473c268a7d,25ab8b3f-49ca-4dd7-8af6-581e2e31e739,accused,e113a246-80f6-4200-8506-b5c3673d409c
e7fd761f-2408-498f-aa18-2d43a9207d2c,19de0621-c7d0-402a-a09d-3b1db38aecf4,accused,e15f82a5-5081-450e-abe8-05e0b581548a
a5c6ec17-0ff1-420e-83a9-a568a23cab82,e66bdb42-023a-48ca-a5f5-0a7a7abfc4c1,accused,e16281a6-c118-422f-90ac-6aad36404326
7527000b-fa59-4293-920f-31c671a4fdb9,1aa9f6f7-0876-46bd-9158-b0632c1ab32e,accused,e1fbb370-c6b0-4fa2-870a-67540c472a78
d9a87d41-c4cd-470f-9281-ad87440dc111,60e3f69c-d5de-4ac7-8ef1-2d320fe749da,accused,e2138310-1beb-48ca-8b97-c7065b99b6a7
a1e38a00-99cc-4bc0-9dfc-8eee0988889b,65ffec8e-40a4-4720-99be-dc3cfc926e4d,accused,e266a9bb-fe28-4e93-9615-b7edee1be8c7
01833c1d-c1e1-499c-bc8a-8409d9718043,2523d823-0618-40c2-b622-d6faf7f16347,accused,e2963424-a60f-4c39-bcd8-dbc38874a91a
220a5efe-2da0-40e9-9f52-288d1c4ec940,0dbb13ad-970f-4a79-aba7-71fc48efe02b,accused,e2a12435-30ab-4bc3-aa77-dc49ea12f079
bfafe93e-ed31-45b8-820a-6098d25348f0,4b9a1bd0-3232-4345-846f-d504197f8732,accused,e2bb0ba3-f3b1-438d-9596-c8bb1492087c
df478a5f-2626-4056-a80e-ddd4d65d59b4,4ea921f4-e436-47ef-b9fc-08d469138a6d,accused,e3473986-f1f6-4723-9f84-835c2f83645e
5180d2ce-8dd1-41ed-b9a4-16e2a3fb5714,60e3f69c-d5de-4ac7-8ef1-2d320fe749da,accused,e3b9174a-86c8-4d68-ac09-4a608a3f6b7b
9d03626a-3404-48f5-9cb5-56a0c358e19e,e66bdb42-023a-48ca-a5f5-0a7a7abfc4c1,accused,e4493241-93cf-4b9e-85ca-72690995ab88
fe035761-2dee-4747-bc6d-f69a7740e4ca,25ab8b3f-49ca-4dd7-8af6-581e2e31e739,accused,e5617bec-8c3b-47dd-86a9-b2f69169eba6
fb32cfae-aed0-45f5-a78c-84cffaa25c5e,72b203cc-1aef-4aa5-afa5-98830c486d26,accused,e63c0edb-2117-43c0-b8a5-bafbd5e3e044
d2831958-a453-4c4d-a263-5145d272a1b5,148a2f90-d1d0-44d7-a20a-165816eef71c,accused,e68fa3bc-5a5f-467d-94c1-4eeae0b13285
c1775cbe-d0fa-4849-a596-fa28e35dcd26,e412d489-ce18-4280-a918-1d1732688bf0,accused,e6ebca49-e0db-433b-bb86-f3a6dddb37e9
0950a1d1-981e-4d56-b9a2-32b73afcefb8,c40419c7-a5fd-4a9e-9f29-c4d17faa33f7,accused,e80cf8d9-6c00-4567-a13b-b0b201fde25e
fe4a7eb9-b5cf-4ea2-a503-8636087d579e,0dbb13ad-970f-4a79-aba7-71fc48efe02b,accused,e882abf9-e3e4-4bc3-bb35-2182819a67a1
969e8f29-9d22-4c34-ba66-402bb85b5779,4b9a1bd0-3232-4345-846f-d504197f8732,accused,e895e9b7-b9d0-4fb0-b7e0-237d9df30dfb
b0d8ad43-f17d-4e01-b7a9-2129435c88db,5161e6b2-e2c1-4b25-aea0-49c2674359ef,accused,e9b49979-661e-48fc-b106-8d40c94e7aee
fd451e5c-3295-407a-a3d6-e5f9ed1c327b,750ba888-4440-4c9a-b1b2-9caafbd5b106,accused,e9eaae72-a5e3-4b8b-9ee0-f22f16ce710b
956867e9-d21f-46b6-b2e6-8a7c2b916f27,7b633f2f-e215-46d6-8552-25eb067bc8e3,accused,ea49a06f-0c4c-4465-ab0d-4426e1b85ebd
59552308-2217-4cf4-9b26-b3a27bd70d3d,bdb6d588-71f9-4e5a-9059-9aeb7858ab14,accused,ea92e9a0-7ffd-4a97-a51b-2af49c24a3ec
d5967e65-76a4-4a78-9922-6afe0605433a,4b9a1bd0-3232-4345-846f-d504197f8732,accused,eb57fcab-c3e6-42d2-98a6-58224c65966c
cb2c9878-fa19-4515-97fc-995eeb953df1,fc22e458-db85-47dd-8304-d6a9d88c74b2,accused,ec6f43bd-1ce6-45b7-ba37-be54de5d8041
24a0e12e-6b13-4e34-9d9b-f70f9200f8d9,19a6a814-a49e-4d85-aa21-a2e8b5709d94,accused,ec93b49a-a799-4458-87bf-641e14df2acd
0cda7e28-d97b-49ea-8a4c-1a29bf19cb0b,64b8434d-dd78-4775-9224-b4d1cdc73732,accused,edd9bb0a-6e9f-41bc-94f3-83bb9d06de84
2c3feb6d-2a61-49a0-9873-c0e229e80010,19a6a814-a49e-4d85-aa21-a2e8b5709d94,accused,eddee8c2-7e1c-4827-a861-868a6816c472
e8425c2c-5f19-4cd4-b94d-001995c45e26,714dba62-7666-4852-a5b0-60c7209e4c71,accused,ee50040a-5b30-435c-928f-4f0e42864a90
22f34f50-d166-4519-9d59-1425d6c78579,8a6e7a7a-aa95-4516-a062-d58308c32f11,accused,ee628580-927a-4e44-b35c-098ade5f825c
3c783ef3-45ba-42d9-afe1-f61dff80b702,018a82be-ef30-4d91-95f1-128f8857e132,accused,eea2dff5-8b71-4ec9-8ceb-0bcaa18ba67c
5cfc7888-f752-4adb-886d-c01fb8ff8dc4,7b633f2f-e215-46d6-8552-25eb067bc8e3,accused,eee89cdd-ba81-41ef-8772-f6b32525debb
bc1bb643-c027-4d35-9a48-2b2085b13d28,7ce121c6-0b93-4393-b78e-e04c743c151b,accused,f0628626-2a9b-41fe-b4c3-56d083c2e13c
776a3557-9bc9-4ba5-986e-ba697727a410,c05c81b2-c782-455e-be3f-8ac22ed75c9c,accused,f07a9e5b-1a4b-43a7-aa27-eb756c9aab7d
fa0005e3-63e3-4f65-b611-9ee396f5e934,d14f9acf-5a19-4643-915c-5f230172f78e,accused,f10bfc65-acd8-46c0-bdb7-a67eecdf5796
ae43bb70-6bbf-4fb1-81a7-499689e28ede,19de0621-c7d0-402a-a09d-3b1db38aecf4,accused,f260aa47-0c1c-42c4-8263-79eb2ff13fa2
77326eeb-3e43-42bd-ac21-e2013c111562,8a6e7a7a-aa95-4516-a062-d58308c32f11,accused,f2945499-59f6-4051-987e-14805d3278ac
9e07592c-b505-41a6-b076-0fd79a95d096,750ba888-4440-4c9a-b1b2-9caafbd5b106,accused,f3db632c-0e2c-4e03-b50b-0a6674f2ce39
bb761755-9df0-44cc-a4aa-f8e323813552,0dbb13ad-970f-4a79-aba7-71fc48efe02b,accused,f5603572-141a-4784-a7c1-5c1405c0bc33
049f8368-f026-454e-908d-178566c01883,bdb595ca-f4c0-4190-ac69-57695a571d53,accused,f5c2011b-fcea-4787-a654-18cf1978e371
ea2689a8-e8f9-49e0-a0be-d4540d35687d,cfe3055a-c9dc-4cbe-8a5d-d0c7455af61d,accused,f5f2b9f0-da34-43a0-b5b4-d01af916bd6e
9725b557-de0f-4f69-86a1-93db1972e1c0,bdb595ca-f4c0-4190-ac69-57695a571d53,accused,f60ee40d-f9a8-4eb7-8b0b-b71093fc6ecc
3bc81506-b3e4-40fe-8fa8-5a1e484b2e84,410bec90-8114-4c19-905e-a5b77972ef47,accused,f67dccf5-ebf6-4bdf-8654-838ba9dfe578
560a0d5f-24be-49a8-9e09-162674c5798c,31a38468-2fa2-4b4b-83b5-d3f1011b9d89,accused,f680cf45-81ad-49c8-bf20-fa75b1d01a4a
1145e997-4746-47b3-aca4-1ddbf4a654ce,64b8434d-dd78-4775-9224-b4d1cdc73732,accused,f72b8ac7-731b-4414-9970-b575210f53ee
44329cb0-b6c3-4708-84fb-aefe2c6805c2,0dbb13ad-970f-4a79-aba7-71fc48efe02b,accused,f7f48de0-a3b0-4a8a-9011-2db4067e9dc9
b0633cbf-b5a4-484e-83ae-96b8cf80f435,8ce737e6-59b1-4270-85ab-620dc0b22d8f,accused,f827c6f1-e92b-4002-99e3-e9457816e089
ca2cfb3c-4074-4f78-ab71-468f1c19e34b,89c54b69-d065-42da-9669-f90f08bb0786,accused,f91e5500-ba37-437d-89e0-5fd79d20aabf
978eae1b-7808-4255-9fa3-a388f560ac98,8ce737e6-59b1-4270-85ab-620dc0b22d8f,accused,f93c30e6-eb55-4d6c-8a28-8d93caadb271
ab545378-af87-4629-b982-d693d4cb148a,31a38468-2fa2-4b4b-83b5-d3f1011b9d89,accused,fa03fbad-d92c-4272-9733-47c55756d253
bcbb0898-8887-4718-b345-b6905b09a437,fc22e458-db85-47dd-8304-d6a9d88c74b2,accused,fa056650-dfcf-4ce3-9b79-f47601655e9b
3c0e3b42-dbcb-4b91-a36e-9aa90cf270e3,d319ae7d-fae7-449e-a3bf-44d2212c2193,accused,fa8358d4-2062-4575-a41a-e2cf523648c1
5917e25a-2ee3-46eb-a033-8d420515cf56,148a2f90-d1d0-44d7-a20a-165816eef71c,accused,faef47d5-aed6-412c-849a-eb35630f02cd
73a9ed5c-b20c-40e3-8a52-4e90d07c32fa,8ce737e6-59b1-4270-85ab-620dc0b22d8f,accused,fb165c75-8fdb-4cf8-91ce-7ff155063e14
41b2c44f-588f-43b5-8780-b8819e5acfe2,8ce737e6-59b1-4270-85ab-620dc0b22d8f,accused,fb3e6111-b895-4d0d-ba51-eee3a1340ca3
3b5672aa-2b5e-424a-b78d-f54e72a55a1c,7b633f2f-e215-46d6-8552-25eb067bc8e3,accused,fb684664-919a-42f5-91fc-9b6e5f308a05
a5c6ec17-0ff1-420e-83a9-a568a23cab82,19a6a814-a49e-4d85-aa21-a2e8b5709d94,accused,fcda3f1f-2aa9-4960-aa87-0439111be9c7
3ca01494-a635-4fed-b72d-876043ee97d9,0dbb13ad-970f-4a79-aba7-71fc48efe02b,accused,fd2e8303-e64d-461d-80f5-646282f12f5b
1df0ef1b-2ea5-46de-bdff-fce2c7e49350,c05c81b2-c782-455e-be3f-8ac22ed75c9c,accused,fd6290d8-f0ca-499b-92b6-dd3b2845e586
a8f85d8d-3a6b-4bb6-8f4c-197434bf4d20,c05c81b2-c782-455e-be3f-8ac22ed75c9c,accused,ff132abb-b456-448c-a87b-045fe5a555cc
c3059bd8-7d9f-4f15-9318-fcb38c7ff432,2c56a6a3-cd13-4703-b572-f392128db1a2,accused,ff39fc08-fbe8-4871-ab3c-c717bac804ee
67671a34-9de7-4982-acae-2345b56333ae,0aa539c1-99df-4ac9-b414-a06aabbdf912,accused,ff589f75-dd96-42f7-a924-36d6fc9988e8
503acc5a-7482-4bd9-b15e-7ce22dd24af9,e29cf33d-3671-4939-bd02-dcd9bc375f60,accused,ffdfba5d-52aa-4640-8cb7-8b38f9e1b78c
