fir_id,victim_id,id
51e2f72b-e006-4a43-abe7-de2db57d0d50,2b4ddc7e-c416-438e-a805-28188577ca44,0040c007-9b3b-4438-99c1-f9ebe0cd1f8e
d7d6cee8-0523-45ab-a7bd-9fad7541acdf,8b42ce78-cbfa-494d-b26d-7cfc6ffc408a,00914e94-65fa-4c58-bade-01ef4379b12e
e28d3b25-e405-4d6d-b9bc-4fd122572bd0,c32f0011-6791-49ab-b5ae-04a6d64ec891,00bf11b7-ad50-40ed-9d65-37c688b48e22
e64dbf86-e52c-4220-8b1e-e29d7b97d0aa,12e32ada-0298-471b-a010-8127ccffaf4b,00e54c42-d484-4018-886b-81a5689a9de3
d5967e65-76a4-4a78-9922-6afe0605433a,ab728180-990a-474c-8e3c-9501f7997b46,026d565e-cb0e-4333-9b2f-7d05c2342a72
2f7a2f36-48aa-4576-b474-48ff516c63e9,08ca354f-e089-44da-abb7-e5deaa1fca98,02b92d92-e6dc-40f1-9469-577c43c624b8
116f660d-6ac4-46de-a344-b3286d0cb128,33436f22-e5d2-487d-b0c2-edbc1ccbe300,02fdbbdf-a842-4faa-a5e5-c7d26b519157
72b9ab25-0d33-4cae-9082-deea426f94e4,2b4ddc7e-c416-438e-a805-28188577ca44,03051057-0b14-4121-99b9-4a085f2c6cbd
a193f9cc-f898-4b70-b844-99674600e826,3cc0720d-7324-43cf-82e9-d96aa7cacadb,053e844e-5c0d-4c42-a6d5-e609a8826edb
02c0f526-a3c1-4c7c-869f-e09847a1bb97,0c836e5c-7ea9-40f1-9e70-9eaf62562c55,080c5eff-e591-4c43-8547-b8eff7ccfe77
f57ba93b-c879-46e5-ab6e-c336f1a85c4c,6192eb6c-a30f-4b72-b1a5-6ec958915413,085459cd-6f56-421e-b75a-9c1307aafb02
7aa418ca-653a-4571-9da5-95102c9b9856,e4965bc7-ec17-4c98-bcf3-bbcecab2f3ed,0a0a2eb2-4615-4ddf-a5dc-9bd2edfddfd9
df478a5f-2626-4056-a80e-ddd4d65d59b4,8b42ce78-cbfa-494d-b26d-7cfc6ffc408a,0b87c66f-4d1e-4980-b003-62cda9896b44
eda29b25-6d44-48c8-8c94-9c01fd3c59c6,0c836e5c-7ea9-40f1-9e70-9eaf62562c55,0bc43cf1-8a37-495f-ab53-aed0a6481211
eda29b25-6d44-48c8-8c94-9c01fd3c59c6,6192eb6c-a30f-4b72-b1a5-6ec958915413,0c2f92e6-9bf7-49da-a8ed-2fc26cfda47b
9b2ff37a-464b-43ae-9876-d0d5383b6619,6577219e-8e53-4912-8b99-3bed2833cd13,0c8b9d72-8871-4eb4-af29-1c119d93fa42
7b2015da-60e7-4842-b044-ee6b0bba7fc5,206c3048-f589-46a5-b2d8-5522e28415a1,0cb6b156-8975-4fe2-ae46-fac8c4b77b08
ab545378-af87-4629-b982-d693d4cb148a,97a7974f-89a4-4a4e-a4ca-3cac14ccb31f,0cfc3864-d920-42fc-a693-3d294e61dab5
049f8368-f026-454e-908d-178566c01883,12e32ada-0298-471b-a010-8127ccffaf4b,0d8012de-d150-41bc-9ef3-ce4972c023f2
650cfb49-4461-4286-b99e-261dd081531d,12e32ada-0298-471b-a010-8127ccffaf4b,0da12b82-62b1-46fd-b3c0-15ff7866570b
692a05b3-8cf8-41e1-857f-f08b7a55c5e3,97a7974f-89a4-4a4e-a4ca-3cac14ccb31f,0deafc38-72b7-4ee4-a865-2e98195ccb0f
978eae1b-7808-4255-9fa3-a388f560ac98,2b4ddc7e-c416-438e-a805-28188577ca44,0eb11f72-bf38-49ad-aefd-485792ce4f13
b0633cbf-b5a4-484e-83ae-96b8cf80f435,346bc5a0-67f5-4dd1-b062-15b140759815,0f2f2b59-fb1f-4dfa-9973-287e3ac12da0
6541f1fc-4c3a-4250-8f4c-7f212876147b,206c3048-f589-46a5-b2d8-5522e28415a1,0fa1fc2b-80a5-49c3-8f2d-6c1608690c01
0801caa4-529c-41f3-8349-71e766678e27,6192eb6c-a30f-4b72-b1a5-6ec958915413,110da5da-994d-43ac-8568-936233f51c5d
3f21556f-5250-430b-8f75-6c5623143ee3,b4adad3f-9fa7-405a-a4e2-62e77f35260d,13eda764-4dab-4b2b-8f6d-aeca72603b1e
712c159d-a83c-4ca2-a1a3-7bf40638657e,e4965bc7-ec17-4c98-bcf3-bbcecab2f3ed,141d8014-7f5a-4197-bd22-9de4a323e448
741ce6f1-108b-4832-9a93-729bc998ad20,2b4ddc7e-c416-438e-a805-28188577ca44,156bdf5a-8806-418f-b1fb-fa36ebb96018
421f173f-4370-4e64-ad58-b85c8ed113e3,1f7a3b58-c7c6-41d0-9442-c56eeacdf3a3,156cb608-7811-46c2-8d92-7f5a08e1a83e
c40af2d3-ca38-49b1-9ed5-25c5c8fc2018,c32f0011-6791-49ab-b5ae-04a6d64ec891,15c21f11-ee31-4338-9187-dae4c950864d
1ba22e49-a9cb-4b64-b4ad-442abc811d0e,e4965bc7-ec17-4c98-bcf3-bbcecab2f3ed,16aa5fdb-757d-468c-9245-e6de3c0f6eb0
5805e050-47ca-4c43-b476-0499e2310ff1,05039e98-26a6-4e31-8c93-74d302307056,184e6b46-0ae4-4170-9213-6b5bdd1fb831
c3bf9e8a-52c7-4cb5-91fe-3d6f337bf960,554b5d15-eeef-4935-bf17-26333e391223,18db5f7c-5a7f-4807-b64d-e9d0eadd02a3
0cda7e28-d97b-49ea-8a4c-1a29bf19cb0b,e4965bc7-ec17-4c98-bcf3-bbcecab2f3ed,19a27cce-c06a-4dec-94fc-4d17f006719e
21df018e-2e19-4ecf-a55b-12704293c2e9,e4611983-9306-4c92-b52e-e09fd219282e,19b85234-ba58-40b2-81c3-7138d3dddcc0
f5c174eb-78d3-4be6-9b91-479c60bb98d1,e71f5bf5-b5ba-46df-b4be-777cdca5c02c,1a514976-0b99-4218-981a-0f92856006c1
2c3feb6d-2a61-49a0-9873-c0e229e80010,af23b4d5-07a0-4aac-b57c-eca3cda2c456,1a9f3880-151c-4fd9-b35b-3154bb945484
d71bdbf8-839f-4413-aecb-1591e412c903,6192eb6c-a30f-4b72-b1a5-6ec958915413,1abfbd8d-4987-4c8e-96fb-e28242997eba
776a3557-9bc9-4ba5-986e-ba697727a410,09b80912-af42-4651-9faf-d4c3d017f2b6,1b95b039-a99d-4cfd-aa6d-00021b7ae265
304bd1f4-c02f-492c-9207-ae71eb637d9b,206c3048-f589-46a5-b2d8-5522e28415a1,1bafa0de-5647-4558-b6a6-38fb27933b98
b2966d3b-6479-48c1-bedc-f2b630f43b06,61d2b89a-81f5-4fd0-be20-b23006ad4919,1c127219-0595-402f-a8c3-d5f4dd01f4a4
cf9d0a84-2e07-420a-bb66-65d0db7097c8,1b5c42cc-aca4-4b46-ba7c-2b472d3d1bd5,1d7b0b0e-e668-4570-b3e5-61f3be541abf
b2f32b8d-5bb2-4285-a790-6de854b0d53b,7cfdf164-8402-4fd1-ab14-ca9aea21cda3,1feb4ef4-2635-415d-af22-5658d0a35f83
802c739c-c519-47be-a448-44ed0fe3cfc3,2b4ddc7e-c416-438e-a805-28188577ca44,215eece1-92d0-4f1f-a238-f28cf850111e
12ef9abb-b23d-4b62-81ff-f40422e7f6da,23891838-fcd7-4300-8127-8d4b34262ecd,221b2868-43df-4c1e-bd02-91dc533308f2
1f0ea335-b85b-43e1-b040-8ca0e09766a0,e3d00902-fabb-4f0b-9239-4c5f55530497,248effe1-5800-41d2-aaea-74998e744799
7527000b-fa59-4293-920f-31c671a4fdb9,6192eb6c-a30f-4b72-b1a5-6ec958915413,2583f11e-098c-4086-9d09-ffd865992428
e127958f-203a-45ef-b795-29aacc585ec5,1f7a3b58-c7c6-41d0-9442-c56eeacdf3a3,268924d4-6fd9-4585-937a-b1a4701c2315
a4b6066a-743a-4d37-8d94-4271ddad7802,af23b4d5-07a0-4aac-b57c-eca3cda2c456,2714002e-64ea-49a8-997f-14508a49bfd6
f980f238-e230-41cb-9409-e41a9a121564,5dbd1a53-0e3d-4b13-bba3-85a4398ed1d2,27a2f380-0b62-4f4c-8607-a5495e2f382e
4d780866-18d4-4b93-b9b4-5aad2e699543,8b42ce78-cbfa-494d-b26d-7cfc6ffc408a,283c9b26-4a7c-4428-9996-abc4b67ce71f
3c0e3b42-dbcb-4b91-a36e-9aa90cf270e3,8a0366d3-a110-4a9c-9631-b5b2b7d5cdd5,29209aa7-781c-4336-806d-ccb0bcefafd2
ca665945-ca53-47d7-a3c4-7c6602d92dca,23891838-fcd7-4300-8127-8d4b34262ecd,299f49f9-a8b5-4e97-ac34-7f6edd75fa62
1df0ef1b-2ea5-46de-bdff-fce2c7e49350,1b5c42cc-aca4-4b46-ba7c-2b472d3d1bd5,2b6c32cf-da05-4430-b0b4-5c1d89713fc1
421f173f-4370-4e64-ad58-b85c8ed113e3,82b8583c-e706-4384-a830-17269e6dc53a,2c46464a-e17d-4ba1-907b-0635534a540f
2a0af4ba-f540-44a4-b361-7c8fa93815c3,346bc5a0-67f5-4dd1-b062-15b140759815,2c80cd6b-755b-43b5-a044-246dc15a35c5
8c9c8f70-2153-4c15-9361-d30f1fe3405c,d5990300-a299-47e3-ab45-c26bd4d55d86,2defb3b3-2862-4795-a793-2b2150683d9d
2422f264-3148-434e-a446-c7cbebe1df90,8a0366d3-a110-4a9c-9631-b5b2b7d5cdd5,2e3478ce-651b-4d68-84ac-b8eb0cf72a52
a8591f46-64eb-4887-9edd-49a423d7c903,2b4ddc7e-c416-438e-a805-28188577ca44,330065dc-d400-4e9c-9e60-a8c1c590cd67
27e93d11-f4e9-469e-85f3-129e7740216f,6577219e-8e53-4912-8b99-3bed2833cd13,34c7bec7-087c-44ae-ae6a-565a6d5474d9
99e003cc-8bab-4829-b7f5-344caa123151,6192eb6c-a30f-4b72-b1a5-6ec958915413,3531f88e-f054-43ae-9ebb-79250f07479f
6541f1fc-4c3a-4250-8f4c-7f212876147b,c32f0011-6791-49ab-b5ae-04a6d64ec891,3570febe-8e0e-4e53-a424-75e067d964d6
ec94f6cb-bd9f-472f-9c0e-9caac040c515,87e20a9d-9e1c-45df-b770-968f6715ebc6,37793cee-e129-47d4-896f-959c468287f7
a526786d-01ce-4d7c-b144-8a024cd6edc3,1f7a3b58-c7c6-41d0-9442-c56eeacdf3a3,382dda94-6301-4dbb-af58-814be20a5a11
3f895667-1e21-466b-a4ce-8d56c57bcee2,05039e98-26a6-4e31-8c93-74d302307056,39be77f3-1cb5-4fda-aa91-3357e8d26b67
309846d4-a150-4972-8edd-ed15d685d64c,3a6b92ff-afe3-499a-91aa-089dee72eac8,3bb3f587-2800-4be4-a6b2-f18390fc5bb9
ef7dc07c-117d-4cc0-ab44-eca561ec75e9,3cc0720d-7324-43cf-82e9-d96aa7cacadb,3c51a90f-6d2b-46c5-b434-fd550bc1cf14
59680cd0-102d-46b3-a32b-a40ad89d6041,87e20a9d-9e1c-45df-b770-968f6715ebc6,3c62f884-b06f-44dc-a337-d7bfd8a725e6
ecfde32e-907e-4fac-9f67-69a3b72bc9cc,e4611983-9306-4c92-b52e-e09fd219282e,3e7a989b-e8dc-41d7-bb82-048c6f054020
4c1bef02-b6da-4df4-912c-8c194465005d,346bc5a0-67f5-4dd1-b062-15b140759815,409c9118-2145-40c8-b637-9ae24bbff7af
ee603268-a970-42dc-9c83-a2e2dbb96d53,05039e98-26a6-4e31-8c93-74d302307056,412b3360-c13b-4fcc-8fe8-49889ec92c9c
c1775cbe-d0fa-4849-a596-fa28e35dcd26,c32f0011-6791-49ab-b5ae-04a6d64ec891,41cf869c-afc6-48bb-95c6-9f1f5225e5cd
f62908f5-cfb5-480e-b0d0-75300bb57b19,05039e98-26a6-4e31-8c93-74d302307056,41e1e0f3-6613-44b4-bfc2-982dc148a7dd
f8ba79dc-a880-4fc1-a054-2664107953bf,3a6b92ff-afe3-499a-91aa-089dee72eac8,41fb7c9d-fddf-4fd6-a8e6-f73627fc72e6
dd91492e-ea07-41c6-b080-63529ba95ba3,554b5d15-eeef-4935-bf17-26333e391223,424f878f-d068-49bb-a0d6-62356f7d3e83
77326eeb-3e43-42bd-ac21-e2013c111562,d5990300-a299-47e3-ab45-c26bd4d55d86,42a5092d-83a6-41e9-be0f-45fbf9f35083
fdb5efe8-7d5a-4abd-b433-19ab50c55d93,0c836e5c-7ea9-40f1-9e70-9eaf62562c55,43d90066-5da3-484a-895a-9b9a6f45d33e
0c115542-a2ea-4326-903f-61db5d1f6ae3,23891838-fcd7-4300-8127-8d4b34262ecd,442b9b4e-20e3-4ebe-95f6-519b579f133e
7206a62c-23f1-4c31-b15b-50b927ba4e8b,8b42ce78-cbfa-494d-b26d-7cfc6ffc408a,44541891-4957-43c2-8eb2-0a9d1f457a50
bfcd010c-4c81-4931-aa58-a1295a8057a5,12e32ada-0298-471b-a010-8127ccffaf4b,45ddb1e8-8d32-4e2f-9d1b-89164e51aaca
8791b11c-83d6-4252-94ed-ecf276991e13,1b5c42cc-aca4-4b46-ba7c-2b472d3d1bd5,45f5da36-4769-4a44-9daa-fa632430f409
806934b5-3e07-413b-862e-7230904debb1,0c836e5c-7ea9-40f1-9e70-9eaf62562c55,463f1a88-119e-4c63-a947-620b836d9c41
ff73a8f8-e4a8-4ae2-b220-b3ccf79a4682,33436f22-e5d2-487d-b0c2-edbc1ccbe300,479c1580-9d5d-4804-a21c-4d1c9393c94c
943ce710-4523-46d0-9f32-f576489f9e25,3cc0720d-7324-43cf-82e9-d96aa7cacadb,4919610a-848c-4c09-b58d-725d3291a92c
6a988af3-68fb-4be6-806c-e48d978ee968,61d2b89a-81f5-4fd0-be20-b23006ad4919,497e7b0f-a562-4074-ac78-6d22dbe64508
a8f85d8d-3a6b-4bb6-8f4c-197434bf4d20,61d2b89a-81f5-4fd0-be20-b23006ad4919,49d7ae1c-15a5-4984-a0ad-e27c3d501495
a95abd57-12e0-4320-a093-2d89980d1542,1f7a3b58-c7c6-41d0-9442-c56eeacdf3a3,4a6b7cb3-68c8-48c6-8338-f1b9f2c72075
bfcd010c-4c81-4931-aa58-a1295a8057a5,346bc5a0-67f5-4dd1-b062-15b140759815,4a9e9c75-6048-462a-be92-3c7b72364861
0316f05c-12d7-420c-a531-33c55ef8a56a,08ca354f-e089-44da-abb7-e5deaa1fca98,4aa04b1a-992c-4c59-9149-8330e3f2cb7a
456664f7-b981-4efa-853f-7d1ee6621fdd,8b42ce78-cbfa-494d-b26d-7cfc6ffc408a,4b473bb0-b44f-4616-899b-7778e0d2a8a1
ce24e7e2-bc8d-4e80-b00e-a4bb65aac2f3,2b4ddc7e-c416-438e-a805-28188577ca44,4ce4700d-f94e-4fd0-a926-a23f86cbcea9
1aaa32e0-53e9-4da5-af54-b92afbdc3743,3190ac67-9703-4807-b477-4810eaa5d4d8,4d45405d-0694-40a9-ac4f-89bd27570b0a
124b3cca-8396-43ad-8f73-8609d1ce7394,6577219e-8e53-4912-8b99-3bed2833cd13,4d4dff7f-bce4-4b59-a3d6-9024927ab02e
c28285d4-222f-45cc-8cf6-9994fc3c282f,e71f5bf5-b5ba-46df-b4be-777cdca5c02c,4dd02bfd-f4b4-451a-84f5-ab993f5b34d9
cb8a938b-aeca-4a5b-b4ae-ab6a48a785d0,5dbd1a53-0e3d-4b13-bba3-85a4398ed1d2,4edacaef-8d49-4ac2-b35b-45fe94611158
fc64e9e6-4e1d-43f5-8130-254d5c7bbedc,05039e98-26a6-4e31-8c93-74d302307056,4f223f53-63e5-4ff9-97c8-8b099edfdfaa
9e710425-36dc-42f7-87de-c3c04ee99306,0c836e5c-7ea9-40f1-9e70-9eaf62562c55,4ffc9205-0bec-4ed6-a3b4-cccdcfc3f2a5
012b8e13-8dfc-419e-895a-d1fb9f02a13f,af23b4d5-07a0-4aac-b57c-eca3cda2c456,50f1b3d6-5115-40ce-b9a6-68f8c93932af
a2d59bdb-d809-4e2f-9fef-8afd89df78ec,82b8583c-e706-4384-a830-17269e6dc53a,50ff34e4-6f7b-4430-a887-e5fa854026a2
b188454f-9c87-404b-a200-702aeacbb2e4,1b5c42cc-aca4-4b46-ba7c-2b472d3d1bd5,514fd929-8f59-4fc0-8c17-8b6960e1b852
33d13bb0-9f5b-467f-b494-c7316f8745d3,2b4ddc7e-c416-438e-a805-28188577ca44,52212ec5-d864-480b-b7af-34648e1e0b57
0fc15b04-14ac-4345-a8c7-611c4531358c,677544c5-7623-4cf1-b2fc-42db5f52208f,5341a405-aace-46b3-846a-352b15378484
c348eae6-f39c-4c5f-863f-9b922cd55b86,23891838-fcd7-4300-8127-8d4b34262ecd,5415ad2e-8579-42f5-8d90-e93b7b333bea
f829b077-efcf-4a06-9815-672f91123049,08ca354f-e089-44da-abb7-e5deaa1fca98,5428e649-7a2d-438d-81d4-f7285e17c1e7
50aa8eb3-465b-4e7c-93bc-f402396d3684,8b42ce78-cbfa-494d-b26d-7cfc6ffc408a,56b9cbd7-2095-4b1f-80f6-3e68ac6731ac
5e069fe5-d758-48ce-95fb-51b1ea8e53bb,7cfdf164-8402-4fd1-ab14-ca9aea21cda3,56cd9ef7-3709-480f-a6e8-58be1a2da1e7
e8425c2c-5f19-4cd4-b94d-001995c45e26,33436f22-e5d2-487d-b0c2-edbc1ccbe300,5727c9e9-cfae-4579-97c8-750c38284339
9d03626a-3404-48f5-9cb5-56a0c358e19e,8a0366d3-a110-4a9c-9631-b5b2b7d5cdd5,59e108d5-5ebe-44aa-baae-b271dec361eb
bf534a99-74c2-4550-8d8e-77f63b318874,3cc0720d-7324-43cf-82e9-d96aa7cacadb,5b2e3c71-8aeb-423c-8ce7-9e070efb0e3f
10bfb89a-005c-436b-a6c5-ac10541d1778,3cc0720d-7324-43cf-82e9-d96aa7cacadb,5b9f1a06-62b5-4fa8-b793-1f8c9b2d9693
a8f85d8d-3a6b-4bb6-8f4c-197434bf4d20,206c3048-f589-46a5-b2d8-5522e28415a1,5c7cae6e-33cc-49b1-950e-d288532f9295
a2b7785d-ae0a-48eb-947f-d534ef685dbc,c32f0011-6791-49ab-b5ae-04a6d64ec891,5cff6e51-525c-4025-a544-908cbeafc20a
3aef3e22-366f-4be0-9889-08959b902b6b,8a0366d3-a110-4a9c-9631-b5b2b7d5cdd5,5e279047-273f-4e6f-ae7a-4288de67748c
48f363e4-00e1-4b1b-8d4c-bc39d28d6503,e71f5bf5-b5ba-46df-b4be-777cdca5c02c,5e31d7a4-4566-4b6a-b639-261b25505e07
3ac32e89-8e86-4d48-a432-503c418e2574,23891838-fcd7-4300-8127-8d4b34262ecd,5fb283e1-0cd8-47ee-a27c-aa6a9e021909
a8591f46-64eb-4887-9edd-49a423d7c903,3190ac67-9703-4807-b477-4810eaa5d4d8,6146aaf9-1a51-4535-9b07-8435bf5c1d4c
5d39984d-83d0-47fd-83ed-7c052c48ea23,6577219e-8e53-4912-8b99-3bed2833cd13,6167b891-e613-4827-9cff-6f7b291f7ce9
a2b7785d-ae0a-48eb-947f-d534ef685dbc,b4adad3f-9fa7-405a-a4e2-62e77f35260d,62d7c7d2-7ac5-4363-be9d-e2046febd6cb
0d57e160-1359-4b86-b562-8faac06b05a4,5dbd1a53-0e3d-4b13-bba3-85a4398ed1d2,63216787-208e-43e3-bca1-a4acf281552a
1b6f6d9d-6c27-4b37-8ec4-c8b3a0872c1f,e4965bc7-ec17-4c98-bcf3-bbcecab2f3ed,6367272d-52a1-473c-a3cd-95e0fe4b556e
a664766a-d37c-46ef-8414-c039acd1428a,61d2b89a-81f5-4fd0-be20-b23006ad4919,6598d6bc-0b92-4519-8dda-4bfdbf7f7df1
80509956-bca6-4037-be81-007dc2677030,8a0366d3-a110-4a9c-9631-b5b2b7d5cdd5,662aa6c6-8596-49f8-abac-8803713dd7de
846d37b6-b21e-40e1-b500-5aade8ecb289,33436f22-e5d2-487d-b0c2-edbc1ccbe300,66362ed3-9f3b-4c47-a201-2b1a8914a6d6
fd9aa433-32c7-4dd4-a8ab-4b2f0b7c6e9e,2b4ddc7e-c416-438e-a805-28188577ca44,6772fbf8-f363-4901-85fa-ad7e05bcbec5
98fb2f56-4c72-40ab-a91d-aa2ff526d5ea,2b4ddc7e-c416-438e-a805-28188577ca44,67a19ae7-9727-401b-833b-1c914af52dd3
24a0e12e-6b13-4e34-9d9b-f70f9200f8d9,6192eb6c-a30f-4b72-b1a5-6ec958915413,689202db-934a-4238-8041-58c3baada972
b2966d3b-6479-48c1-bedc-f2b630f43b06,206c3048-f589-46a5-b2d8-5522e28415a1,6a22cbe4-7b5d-4f21-9676-da1f38898aaf
2c2c6e00-a493-4fbc-aa39-6059f20ee1c8,346bc5a0-67f5-4dd1-b062-15b140759815,6af3d3c7-8f21-41c8-a758-245d6b0864be
701239ed-3494-4e3c-a7ed-4077f8946027,e3d00902-fabb-4f0b-9239-4c5f55530497,6bd9b25d-859d-40a8-aba8-892b6b00a3b0
456664f7-b981-4efa-853f-7d1ee6621fdd,e4965bc7-ec17-4c98-bcf3-bbcecab2f3ed,6d4ac79b-0320-4330-a674-0370b0254e02
618d5df8-93a3-4d05-8612-d92bec185f5e,82b8583c-e706-4384-a830-17269e6dc53a,6deac072-358f-4876-8ac0-f6b67f890ed7
c3059bd8-7d9f-4f15-9318-fcb38c7ff432,2b4ddc7e-c416-438e-a805-28188577ca44,6ea949ff-4207-47db-963a-9db3a8a2b3ef
69f7dfca-6519-4fa5-8d90-34abdcae64a1,206c3048-f589-46a5-b2d8-5522e28415a1,70f91834-31ab-46a3-9407-9f41a3f21dcc
472b7742-a50c-4a34-a552-64fa10fbc181,d5990300-a299-47e3-ab45-c26bd4d55d86,715d1164-9a66-4eb0-8e79-ddafdb0b22d8
f22ddc89-b41f-427a-8c03-43cb3a0c833c,d5990300-a299-47e3-ab45-c26bd4d55d86,73a6daff-7b01-4eff-bd14-7bf09bc86419
fdb5efe8-7d5a-4abd-b433-19ab50c55d93,e71f5bf5-b5ba-46df-b4be-777cdca5c02c,76b4a480-aeed-4bf2-b973-a503cd6a057f
67671a34-9de7-4982-acae-2345b56333ae,12e32ada-0298-471b-a010-8127ccffaf4b,78712e61-e0ca-4316-b95a-e356e9a158cb
28c8c48d-649a-4af9-82b3-d948578e8f10,d5990300-a299-47e3-ab45-c26bd4d55d86,79396fcb-02a1-47fc-ac02-88b58d75d682
6c18d26f-e587-4eef-88b3-2a2095385e6e,8b42ce78-cbfa-494d-b26d-7cfc6ffc408a,7a3d6042-e7d2-416d-bc29-1eb265dec5ea
bb2e4001-fdb1-43eb-8338-caba9eb978ed,2b4ddc7e-c416-438e-a805-28188577ca44,7a70dac0-6212-45f1-a694-7c83db30c27e
893f4128-03b5-4a37-8924-364cfb66362b,33436f22-e5d2-487d-b0c2-edbc1ccbe300,7a846fdb-14c3-45a1-a940-954aef3948d5
840d921a-7b28-4738-b9c1-789ebb0b074e,ab728180-990a-474c-8e3c-9501f7997b46,7ba6ae38-aab1-4969-82cb-0bbaf2a41436
0d4c51ea-99f5-4921-b240-9ac3b770be63,5dbd1a53-0e3d-4b13-bba3-85a4398ed1d2,7c6a6f3b-236f-466c-adf9-c09d09b5ebb8
d9012c4c-112e-4e7a-be75-dc24725f63f5,1b5c42cc-aca4-4b46-ba7c-2b472d3d1bd5,7cab1ca4-f7da-4ead-95df-73bdf26bfa7d
87e2b9a3-a360-45ea-808b-82216509d892,7918370f-7ad0-4018-ad14-534a559a1656,7cc826c4-9bd1-4255-bf21-9968e3bb516e
8f0d8a22-1242-4c74-8f90-126e08eaf79f,3a6b92ff-afe3-499a-91aa-089dee72eac8,7ed02dcc-9204-4196-8993-b765f54fc2c1
2c2c6e00-a493-4fbc-aa39-6059f20ee1c8,0c836e5c-7ea9-40f1-9e70-9eaf62562c55,7f589716-9a48-4a7f-a30f-f5afd6e02a0e
43df5cd3-228e-4f4d-9de4-1b62e1e61811,e4965bc7-ec17-4c98-bcf3-bbcecab2f3ed,804aa759-fdf9-4a60-aaf1-bd303f501a71
782b18bc-9716-413b-9c16-48d6e411074d,97a7974f-89a4-4a4e-a4ca-3cac14ccb31f,811a6abc-d9d8-45b5-a306-2d528383ae3e
4bceeb69-0d2f-45f4-b229-91e3acc2ee04,0c836e5c-7ea9-40f1-9e70-9eaf62562c55,82e4f760-b45d-4093-92c3-059405e4443d
01af1bca-a38c-47d3-9ccb-c99618b164a2,3190ac67-9703-4807-b477-4810eaa5d4d8,8526155c-bb2a-4cfe-98ad-badf618c88cb
7b2015da-60e7-4842-b044-ee6b0bba7fc5,2b4ddc7e-c416-438e-a805-28188577ca44,85648cbb-0fe8-4817-881e-fa988d921d2f
d9e04b0e-de7c-4f81-b7d9-bb514998025b,0c836e5c-7ea9-40f1-9e70-9eaf62562c55,8728d40a-ae67-4b13-bdba-9a57f0384e54
775ece72-3467-422c-b43c-00110e75be10,6577219e-8e53-4912-8b99-3bed2833cd13,877b2fae-1b63-48b9-9dac-7f95dfcd82b1
cdfa4108-1017-44a3-9a14-291389ff3926,c32f0011-6791-49ab-b5ae-04a6d64ec891,879bde2a-2029-4a75-b83c-5e1365236a07
cb9e17e6-e00f-47ed-b72b-3f8f57244cc1,206c3048-f589-46a5-b2d8-5522e28415a1,8b08379a-906a-465e-8370-1e5e99a1249f
40ed29a7-62d3-4f9b-86bb-8233ddf0c8e8,08ca354f-e089-44da-abb7-e5deaa1fca98,8b6f6d3a-c6cc-485b-aaa3-e2fc6eeb0edf
539e4c6a-cb37-4ac8-b051-aa8ec9146480,e4611983-9306-4c92-b52e-e09fd219282e,8c346795-27bb-486a-be22-3d4def5c69c5
2b38b20f-9587-4fc5-aca7-8bb444152eb3,e4965bc7-ec17-4c98-bcf3-bbcecab2f3ed,8c4e9ffc-cb8e-4437-a2de-1c660a797cb1
fd451e5c-3295-407a-a3d6-e5f9ed1c327b,3a6b92ff-afe3-499a-91aa-089dee72eac8,8ce57fd3-c2fe-4e6f-9c91-b96612f758a6
abe184bd-3f70-448a-bfbf-cb71c17b3392,7918370f-7ad0-4018-ad14-534a559a1656,8d153ab4-9917-4b39-886a-1d1226757e86
3aeed89e-581a-4f37-a9d7-062faab5ff98,0c836e5c-7ea9-40f1-9e70-9eaf62562c55,931c6d00-ebea-4263-957c-99dd9fc7e89b
1145e997-4746-47b3-aca4-1ddbf4a654ce,97a7974f-89a4-4a4e-a4ca-3cac14ccb31f,9510ef03-9862-4667-9b3f-d506335e0ea2
f2599575-c0c8-4a2f-9b91-b17933b3b894,33436f22-e5d2-487d-b0c2-edbc1ccbe300,955d41e9-23c9-4a88-bdc1-95cc1a4a4cce
a13a1278-ca80-4fbe-8732-fa82e4721781,87e20a9d-9e1c-45df-b770-968f6715ebc6,95e6e7a7-3593-4741-b0eb-02113c16b778
fbf13e45-72da-48b2-945a-982beef533ca,ff479cfb-2194-4854-a9b5-9ebe4d08dea3,98a5e40d-30f1-46ea-8531-b7119a26a5c2
87f181ba-b170-4894-a9a7-348c74511cb9,12e32ada-0298-471b-a010-8127ccffaf4b,9a1977c0-9529-4e22-9cd3-da925538144a
7a410d36-a43f-47cc-9763-dfed2d80fef9,97a7974f-89a4-4a4e-a4ca-3cac14ccb31f,9b23486d-11d1-4b09-9497-abd9411c6b94
73a9ed5c-b20c-40e3-8a52-4e90d07c32fa,e4965bc7-ec17-4c98-bcf3-bbcecab2f3ed,9c7fbafa-1d05-4bff-a3e2-29aead535b7e
076116f2-15eb-4fe3-b2d6-2b1cc121d164,6192eb6c-a30f-4b72-b1a5-6ec958915413,9d5046c3-4dc7-4931-9e26-0d299bf02341
7317963d-c212-439b-bde8-5c1f81f3684b,d5990300-a299-47e3-ab45-c26bd4d55d86,9e157c3c-8bf1-45a1-9b39-826ece1d3c33
40ee1e03-a3ba-4840-8df5-d217896e48cb,7cfdf164-8402-4fd1-ab14-ca9aea21cda3,a0b4b332-c939-4f05-a106-3fdd5bc2edf8
8ed724be-d898-402f-9e5d-7065a1f47c2a,554b5d15-eeef-4935-bf17-26333e391223,a20cee6a-aa4e-4489-9a73-2d778f8293d6
d19597ca-bd75-4f88-8674-09a9663f85d3,3a6b92ff-afe3-499a-91aa-089dee72eac8,a2ab63ff-df98-42c6-8888-cd3fc0913cac
ee603268-a970-42dc-9c83-a2e2dbb96d53,677544c5-7623-4cf1-b2fc-42db5f52208f,a3688c2b-3413-42bd-ab71-c1890a804c67
8550e638-de50-4e0c-a584-bd8a549df769,8a0366d3-a110-4a9c-9631-b5b2b7d5cdd5,a37debd1-ab03-413a-8e0c-0a731b240ab6
01833c1d-c1e1-499c-bc8a-8409d9718043,33436f22-e5d2-487d-b0c2-edbc1ccbe300,a3dfb0ec-4e83-489e-8a98-7765ea4708e6
020e7bb2-1edd-42e1-8021-b75b3fe7cb5d,3a6b92ff-afe3-499a-91aa-089dee72eac8,a4fafd43-7272-4970-8152-5f6572f88462
e2fe5ac7-125f-4fb4-9e86-13ac54831ec6,d5990300-a299-47e3-ab45-c26bd4d55d86,a661038f-e968-4a49-817d-455ae10c15e9
6ed43e9c-466c-4a53-8ed4-3c4f62c96c55,1b5c42cc-aca4-4b46-ba7c-2b472d3d1bd5,a75074c1-ac36-47f4-8e00-fbc34daac707
8a963c5b-791c-4505-b844-20d73dd87cdd,12e32ada-0298-471b-a010-8127ccffaf4b,a87cf398-2619-4adf-a23c-2480f1ce6a26
f63ad945-662e-443f-aeb9-f9cd92216ec2,33436f22-e5d2-487d-b0c2-edbc1ccbe300,a91ea71e-6739-4c05-b088-8f78c8892ec1
f62908f5-cfb5-480e-b0d0-75300bb57b19,d5990300-a299-47e3-ab45-c26bd4d55d86,aa61f3dd-c355-4110-b755-ee3b117424b7
d4dba9fa-6595-49f7-b5d7-83ce51de3033,6192eb6c-a30f-4b72-b1a5-6ec958915413,ae072d82-0ba7-4bb7-8a2f-0d6ae72409fa
95526fec-cd39-4bac-a004-f1374ede0821,d5990300-a299-47e3-ab45-c26bd4d55d86,ae4b16d1-cf63-4e85-a78a-9cb4d99f4030
72abc898-e353-4cfb-8a3b-eaf885eec544,82b8583c-e706-4384-a830-17269e6dc53a,b0d4a89d-2961-44c6-bd84-cf1d049c63f5
74502a82-a19a-41a1-a2b0-53dc71d02ad8,e4611983-9306-4c92-b52e-e09fd219282e,b1b3c214-a26d-4c9e-b983-56d1f7c3c184
0316f05c-12d7-420c-a531-33c55ef8a56a,3a6b92ff-afe3-499a-91aa-089dee72eac8,b1b574e0-28b1-4bc0-aee9-972356827a93
d2831958-a453-4c4d-a263-5145d272a1b5,e3d00902-fabb-4f0b-9239-4c5f55530497,b2cd2870-105a-4d46-a6c6-274c94387bf2
98fb2f56-4c72-40ab-a91d-aa2ff526d5ea,23891838-fcd7-4300-8127-8d4b34262ecd,b44b4493-9bb4-46d1-9b02-896871c27633
bb49533f-1a06-40fa-9caa-f3193e69214f,e71f5bf5-b5ba-46df-b4be-777cdca5c02c,b549a3f1-29ae-49be-9122-a0f3e83171e0
3d366766-0cd2-44c4-b544-82f3c576a3ef,97a7974f-89a4-4a4e-a4ca-3cac14ccb31f,b879e883-44bf-43af-8856-59f6e872a929
c1f34a4e-c220-40e7-9013-930e497b4d13,6192eb6c-a30f-4b72-b1a5-6ec958915413,bfc19cd1-bbf7-4f4f-982f-b1ebdad65dc8
cd8a1e8a-582a-4f7a-8487-0adba4a248c2,82b8583c-e706-4384-a830-17269e6dc53a,c07a710c-3041-41f8-830a-a541bd18fc2b
6faad1b9-5d10-4e20-8fb5-d04b52141a52,82b8583c-e706-4384-a830-17269e6dc53a,c0e0ed5a-d82b-44f7-a538-586a3bfeaa5b
8f0d8a22-1242-4c74-8f90-126e08eaf79f,23891838-fcd7-4300-8127-8d4b34262ecd,c1d3b377-4b39-4872-80fb-9a027d9925b1
a0e1d700-5c00-433c-a5de-6ed83a734e2c,08ca354f-e089-44da-abb7-e5deaa1fca98,c65e00a2-f20e-41d7-be86-c6e9daacbb3a
a0e1d700-5c00-433c-a5de-6ed83a734e2c,8a0366d3-a110-4a9c-9631-b5b2b7d5cdd5,c6a460f5-6ad8-427c-9802-5425ee9b559e
8421879e-2da7-4a7e-aab9-31dd387ac55f,08ca354f-e089-44da-abb7-e5deaa1fca98,c6c36b6b-d920-41f1-b47e-8edacfe8af43
3c783ef3-45ba-42d9-afe1-f61dff80b702,09b80912-af42-4651-9faf-d4c3d017f2b6,c77aa3f0-fdc9-4402-9435-d68918683958
3bc81506-b3e4-40fe-8fa8-5a1e484b2e84,e71f5bf5-b5ba-46df-b4be-777cdca5c02c,c841e840-0ec4-488c-9335-a9676aaf7d0e
c7a0d8a8-46c1-4184-ab4d-c3d7f9e8f9b1,5dbd1a53-0e3d-4b13-bba3-85a4398ed1d2,c94ed941-ba53-4e34-8c89-4c1fb1f0d15a
74502a82-a19a-41a1-a2b0-53dc71d02ad8,09b80912-af42-4651-9faf-d4c3d017f2b6,c9adaaaf-97d9-47dc-aad4-cd4bf39179ad
a4e51de4-62d5-405d-b21b-b716c3f71b06,af23b4d5-07a0-4aac-b57c-eca3cda2c456,c9ea2159-7ed7-42e0-b250-d1b603397e9f
22f34f50-d166-4519-9d59-1425d6c78579,33436f22-e5d2-487d-b0c2-edbc1ccbe300,cb6d2b57-7e95-4391-8265-df8514bbb4a8
087ddb9f-14b9-4280-a045-caa56f4d16b9,3a6b92ff-afe3-499a-91aa-089dee72eac8,cbfd888f-d667-4bb0-b642-9f6e0acb34d0
9d2125af-c510-4290-8dce-ae4d86f87d0f,7918370f-7ad0-4018-ad14-534a559a1656,cc2c1057-1f87-4b64-a99b-83226f524460
b24d98ec-f2b3-44f6-b393-db6bc5e50cfd,7cfdf164-8402-4fd1-ab14-ca9aea21cda3,ccdb0aad-5a76-43cd-b177-e48fcc79c6e5
aba04882-ddfb-49b4-910b-78b8fc10fc06,97a7974f-89a4-4a4e-a4ca-3cac14ccb31f,cd08d400-508d-4340-b112-5f759237f575
8fb15f46-2582-42b7-b2a6-f2e1dd1d2857,677544c5-7623-4cf1-b2fc-42db5f52208f,cd8bf331-a73a-4622-ac0d-d26971c197fa
618d5df8-93a3-4d05-8612-d92bec185f5e,e4965bc7-ec17-4c98-bcf3-bbcecab2f3ed,ce3c3976-9c37-4b22-a97f-3e87e4ea7e45
56cfac9b-0b3c-488b-bc0c-feaa2fec713d,12e32ada-0298-471b-a010-8127ccffaf4b,cf47d994-1fb7-4b3d-8e5a-5199973a3a43
fe4a7eb9-b5cf-4ea2-a503-8636087d579e,08ca354f-e089-44da-abb7-e5deaa1fca98,cf71b181-8708-41df-b85a-093ec41dc692
b2f32b8d-5bb2-4285-a790-6de854b0d53b,97a7974f-89a4-4a4e-a4ca-3cac14ccb31f,cfe34cc1-d2cf-4e19-beb2-a98e39725246
9e710425-36dc-42f7-87de-c3c04ee99306,e4611983-9306-4c92-b52e-e09fd219282e,d144beb8-234f-4942-abe2-41c425f58048
75cdebf2-3e12-4fe8-aeef-aa0e01668671,3cc0720d-7324-43cf-82e9-d96aa7cacadb,d2925ea4-b5bd-42b5-9ee1-dff5ff2389bc
02c0f526-a3c1-4c7c-869f-e09847a1bb97,e71f5bf5-b5ba-46df-b4be-777cdca5c02c,d2aef864-c758-4041-b9b5-b189042943e3
a169ebac-00bb-4a0b-b28e-f56e4d1a07c2,c32f0011-6791-49ab-b5ae-04a6d64ec891,d2c1ba62-b3c6-419f-ae66-a6cf20b2e1ca
2f7a2f36-48aa-4576-b474-48ff516c63e9,3a6b92ff-afe3-499a-91aa-089dee72eac8,d3ddf45e-2797-42b2-9bce-442ade32218f
efa71772-ebad-448c-840e-b9a6a4c3e96d,12e32ada-0298-471b-a010-8127ccffaf4b,d4456b1e-9198-4684-a48e-de5a2a11a830
5bd942b4-8a88-4742-b0de-e1e5b881a523,e3d00902-fabb-4f0b-9239-4c5f55530497,d4abb142-3e09-4937-a809-54905be7d8a3
c40af2d3-ca38-49b1-9ed5-25c5c8fc2018,d5990300-a299-47e3-ab45-c26bd4d55d86,d5ce6f47-60f7-4482-a88c-747047cbc06b
d9a87d41-c4cd-470f-9281-ad87440dc111,7cfdf164-8402-4fd1-ab14-ca9aea21cda3,d6e30a08-a836-44b5-8bf3-73ebd5a13e91
7815d9b8-b6d3-4836-9312-d19920ef08f2,e4611983-9306-4c92-b52e-e09fd219282e,d7c82a71-52a7-4ea9-bfc3-8a540f8fcde7
401521c3-89c6-4214-8841-f6893a9360bb,1f7a3b58-c7c6-41d0-9442-c56eeacdf3a3,da0d74b5-86ea-45ae-bfe3-a0b29d9a0c57
4d24e794-4e39-4bdc-8440-df3ec800e41f,e4611983-9306-4c92-b52e-e09fd219282e,da89af83-1ece-4459-8008-efa30b844bd6
076116f2-15eb-4fe3-b2d6-2b1cc121d164,2b4ddc7e-c416-438e-a805-28188577ca44,dc8ddcd8-91f7-42a3-b3c0-412aaad27ed7
2138306d-7485-4d0f-b585-8255456c4642,82b8583c-e706-4384-a830-17269e6dc53a,dd37825f-5a91-49e1-8148-e91af60c4e1e
f8a51510-0107-4a1c-9af0-1e625189b0bb,33436f22-e5d2-487d-b0c2-edbc1ccbe300,deb8cb75-0557-479a-a725-762ebd94cdce
351d22e3-c50e-4163-9150-2c5bc9991666,33436f22-e5d2-487d-b0c2-edbc1ccbe300,df2ff7c8-0d5b-45ca-8e84-d998514a1781
d4d5d505-4c41-4366-ab92-8f64a981c010,554b5d15-eeef-4935-bf17-26333e391223,dfa7dfd3-83f5-42aa-9478-94c3613a56be
bfafe93e-ed31-45b8-820a-6098d25348f0,3190ac67-9703-4807-b477-4810eaa5d4d8,e0588d81-d630-4129-92e9-9ed8ac54d001
80509956-bca6-4037-be81-007dc2677030,82b8583c-e706-4384-a830-17269e6dc53a,e0626fff-d37e-40fa-9f15-be51f48c6f6b
ddb368e5-5e2b-44ce-9620-61e328ce3176,3cc0720d-7324-43cf-82e9-d96aa7cacadb,e1c77254-b38b-4e84-b1df-0a209f3605e7
a7e4935a-029a-4bc3-adde-117168293a64,61d2b89a-81f5-4fd0-be20-b23006ad4919,e1d197c5-8ce1-4303-97b7-6062859f7afe
4a02ee57-499e-4e63-a812-0dc196f28db2,346bc5a0-67f5-4dd1-b062-15b140759815,e4529c75-93d6-4609-871d-48c986cc6705
73fc1b29-e754-4377-bee1-22ace40a4202,5dbd1a53-0e3d-4b13-bba3-85a4398ed1d2,e4dc3334-26cd-494f-92c5-5200d42e8cd5
5cfc7888-f752-4adb-886d-c01fb8ff8dc4,08ca354f-e089-44da-abb7-e5deaa1fca98,e5fa6a08-5685-4786-adf6-a5f4ae8570e2
28955550-4b04-4789-9b9d-c5f3e154c251,08ca354f-e089-44da-abb7-e5deaa1fca98,e701419a-8c8e-4a83-ae72-db30792e8b91
0950a1d1-981e-4d56-b9a2-32b73afcefb8,23891838-fcd7-4300-8127-8d4b34262ecd,e7937745-b2e2-43a8-8fdd-5a2529db32e1
9231a98f-b523-4f2b-832e-1544a2cc12f1,8b42ce78-cbfa-494d-b26d-7cfc6ffc408a,e81ab7c8-229b-4fd5-bcf9-1206482fdd9d
a5e53248-0ec8-49f9-9635-e2ad6d422eec,8b42ce78-cbfa-494d-b26d-7cfc6ffc408a,e96a1da3-019e-4f74-b5a5-2f56f9654b80
d71bdbf8-839f-4413-aecb-1591e412c903,206c3048-f589-46a5-b2d8-5522e28415a1,ea6ba916-c18d-477d-851b-35966696bd3d
4934a590-0190-46c6-a88a-474e35a7f4c7,8b42ce78-cbfa-494d-b26d-7cfc6ffc408a,ea6e05ce-19f1-4b27-a08f-1eaa77b48374
7cc2ce60-6799-4c36-bb06-0fc20f1f051c,ff479cfb-2194-4854-a9b5-9ebe4d08dea3,ebcf6391-b97d-4cb4-b665-15b00c6aab62
4f216eea-850b-49c0-b76d-d5d424d1922e,8b42ce78-cbfa-494d-b26d-7cfc6ffc408a,ebdfe71a-9318-4fc7-a554-f572e2df269b
69110601-0a88-4991-bdb2-cfb65e32d2b8,3a6b92ff-afe3-499a-91aa-089dee72eac8,ec1936d0-1d88-4b2e-8b2c-fb0409f55231
c348eae6-f39c-4c5f-863f-9b922cd55b86,61d2b89a-81f5-4fd0-be20-b23006ad4919,ec53e489-fedc-44e0-a6fc-e53ffa51daf2
ea2689a8-e8f9-49e0-a0be-d4540d35687d,346bc5a0-67f5-4dd1-b062-15b140759815,ece100c0-8084-4df7-88b6-4e483d423fc3
3f7db885-6fa6-4152-b71d-2374e7a59e53,05039e98-26a6-4e31-8c93-74d302307056,ed20fdae-b98a-4ee9-8b16-e2b13ccd6071
893f4128-03b5-4a37-8924-364cfb66362b,6192eb6c-a30f-4b72-b1a5-6ec958915413,ed7b07d2-3b6b-4154-8832-3323dabef1e1
bb2e4001-fdb1-43eb-8338-caba9eb978ed,5dbd1a53-0e3d-4b13-bba3-85a4398ed1d2,ef20a5d2-0985-46c4-8cc1-8a6c708fa02f
e8d3f81b-0609-438c-aa75-e466c5241b91,d5990300-a299-47e3-ab45-c26bd4d55d86,f0ae165b-51ad-433c-a4ae-50fce4770ee5
3456d3a0-5019-4b68-a258-0ded5c10a75b,346bc5a0-67f5-4dd1-b062-15b140759815,f0bb0f4b-808c-4717-a990-c12c770a75df
a193f9cc-f898-4b70-b844-99674600e826,6577219e-8e53-4912-8b99-3bed2833cd13,f38189ec-75d8-44f1-bf84-18af78e665da
116f660d-6ac4-46de-a344-b3286d0cb128,3190ac67-9703-4807-b477-4810eaa5d4d8,f3f1f347-afc2-4ba1-a6ec-ced6c6d7c0f1
afe66182-237e-4c91-97ca-48123059d738,554b5d15-eeef-4935-bf17-26333e391223,f5058147-b1cf-4231-b52d-6723a7436941
25ef72d8-f053-45b1-b3f0-635768d1bcd7,09b80912-af42-4651-9faf-d4c3d017f2b6,f63e9736-4ab3-437f-9d53-8cc393733447
0c115542-a2ea-4326-903f-61db5d1f6ae3,e3d00902-fabb-4f0b-9239-4c5f55530497,f704af09-d570-4535-be30-94cbb20a0ae3
782b18bc-9716-413b-9c16-48d6e411074d,677544c5-7623-4cf1-b2fc-42db5f52208f,f7577c22-de8e-4345-9914-65811fc6e36f
fa0005e3-63e3-4f65-b611-9ee396f5e934,af23b4d5-07a0-4aac-b57c-eca3cda2c456,f9952bd4-b740-474c-aaf3-a4a01fee8d9b
59552308-2217-4cf4-9b26-b3a27bd70d3d,3cc0720d-7324-43cf-82e9-d96aa7cacadb,fb434a95-abee-4738-bb4c-0db18678a4c9
b57fd56a-fb02-46b0-95ae-0765a9c17ba0,09b80912-af42-4651-9faf-d4c3d017f2b6,fd12b83f-4189-4532-a2c0-ef47cd096d34
f60b7670-2e6a-498e-b90f-6290c53c2f1d,1b5c42cc-aca4-4b46-ba7c-2b472d3d1bd5,fe1cbd4c-fc3a-4857-a7d5-6aef99350efb
87e2b9a3-a360-45ea-808b-82216509d892,08ca354f-e089-44da-abb7-e5deaa1fca98,fe6df7be-9bc8-4992-97a7-68fc8fcafcd2
6a988af3-68fb-4be6-806c-e48d978ee968,c32f0011-6791-49ab-b5ae-04a6d64ec891,ffbe01ff-215f-4797-a5ff-c0739f5c2bec
b2bfdc5f-9310-4d12-8e3e-f50c378d307e,b4adad3f-9fa7-405a-a4e2-62e77f35260d,ffe14194-732c-4d63-83aa-32d8a1eb3b15
